Unnamed: 0,Sentido,Semana,Día semana,Año,Mes,Día,H - 00,H - 01,H - 02,H - 03,H - 04,H - 05,H - 06,H - 07,H - 08,H - 09,H - 10,H - 11,H - 12,H - 13,H - 14,H - 15,H - 16,H - 17,H - 18,H - 19,H - 20,H - 21,H - 22,H - 23
,,,Sentido Fernando El Católico (veh/hora),,,,,,,,,,,,,,,,,,,,,,,,,,,
,1.0,1.0,lunes,2025.0,,,,,,,,,,,,,,,,,,,,,,,,,,
,1.0,1.0,martes,2025.0,,,,,,,,,,,,,,,,,,,,,,,,,,
,1.0,1.0,miércoles,2025.0,1.0,1.0,18,16.0,7.0,1.0,6.0,9.0,3.0,7.0,5.0,4,11,6,10.0,25.0,11.0,30.0,18.0,26.0,23.0,32.0,25.0,27.0,35.0,34.0
,1.0,1.0,jueves,2025.0,1.0,2.0,19,5.0,0.0,1.0,3.0,4.0,18.0,26.0,28.0,19,21,21,37.0,37.0,34.0,54.0,40.0,44.0,34.0,47.0,49.0,60.0,57.0,23.0
,1.0,1.0,viernes,2025.0,1.0,3.0,16,7.0,2.0,2.0,4.0,11.0,15.0,28.0,36.0,26,29,39,52.0,48.0,39.0,47.0,43.0,32.0,56.0,46.0,77.0,59.0,70.0,35.0
,1.0,1.0,sábado,2025.0,1.0,4.0,25,14.0,7.0,1.0,4.0,5.0,14.0,22.0,38.0,38,33,22,17.0,66.0,61.0,37.0,46.0,42.0,26.0,51.0,56.0,76.0,21.0,39.0
,1.0,1.0,domingo,2025.0,1.0,5.0,25,12.0,3.0,5.0,3.0,6.0,7.0,10.0,17.0,22,19,27,51.0,38.0,76.0,20.0,27.0,39.0,60.0,56.0,56.0,68.0,40.0,54.0
,1.0,2.0,lunes,2025.0,1.0,6.0,18,8.0,8.0,3.0,7.0,4.0,7.0,9.0,20.0,18,18,22,37.0,18.0,44.0,46.0,20.0,36.0,36.0,29.0,61.0,70.0,76.0,24.0
,1.0,2.0,martes,2025.0,1.0,7.0,10,7.0,1.0,1.0,5.0,14.0,15.0,33.0,45.0,41,24,47,50.0,57.0,48.0,58.0,50.0,47.0,71.0,78.0,95.0,62.0,70.0,20.0
,1.0,2.0,miércoles,2025.0,1.0,8.0,9,4.0,2.0,1.0,6.0,8.0,14.0,60.0,39.0,55,25,33,45.0,32.0,57.0,59.0,49.0,49.0,47.0,76.0,73.0,73.0,58.0,35.0
,1.0,2.0,jueves,2025.0,1.0,9.0,15,9.0,0.0,5.0,9.0,10.0,17.0,56.0,58.0,52,38,52,44.0,47.0,76.0,56.0,61.0,56.0,68.0,58.0,68.0,91.0,56.0,38.0
,1.0,2.0,viernes,2025.0,1.0,10.0,13,4.0,3.0,4.0,6.0,14.0,18.0,51.0,53.0,16,27,50,72.0,68.0,80.0,59.0,64.0,70.0,61.0,91.0,90.0,72.0,115.0,45.0
,1.0,2.0,sábado,2025.0,1.0,11.0,29,7.0,8.0,4.0,8.0,12.0,15.0,17.0,38.0,30,23,26,55.0,56.0,69.0,65.0,42.0,27.0,18.0,40.0,39.0,81.0,93.0,29.0
,1.0,2.0,domingo,2025.0,1.0,12.0,32,14.0,7.0,7.0,6.0,7.0,10.0,10.0,13.0,22,25,33,41.0,55.0,47.0,29.0,23.0,34.0,36.0,50.0,66.0,78.0,74.0,21.0
,1.0,3.0,lunes,2025.0,1.0,13.0,9,9.0,1.0,3.0,3.0,12.0,14.0,48.0,52.0,34,38,35,34.0,60.0,71.0,65.0,73.0,47.0,53.0,69.0,71.0,73.0,69.0,22.0
,1.0,3.0,martes,2025.0,1.0,14.0,15,2.0,2.0,1.0,4.0,15.0,21.0,39.0,58.0,58,38,48,42.0,68.0,67.0,73.0,39.0,64.0,71.0,80.0,85.0,86.0,38.0,14.0
,1.0,3.0,miércoles,2025.0,1.0,15.0,11,6.0,2.0,1.0,5.0,8.0,18.0,40.0,61.0,36,38,40,50.0,73.0,42.0,83.0,80.0,49.0,80.0,92.0,74.0,66.0,55.0,22.0
,1.0,3.0,jueves,2025.0,1.0,16.0,13,10.0,3.0,2.0,5.0,9.0,18.0,59.0,71.0,56,29,50,65.0,61.0,73.0,59.0,61.0,57.0,77.0,53.0,70.0,62.0,53.0,28.0
,1.0,3.0,viernes,2025.0,1.0,17.0,23,5.0,5.0,4.0,9.0,17.0,12.0,70.0,55.0,48,39,45,73.0,52.0,117.0,82.0,62.0,66.0,58.0,79.0,75.0,79.0,47.0,48.0
,1.0,3.0,sábado,2025.0,1.0,18.0,25,19.0,5.0,8.0,7.0,12.0,7.0,24.0,44.0,51,32,43,49.0,45.0,55.0,46.0,49.0,51.0,37.0,50.0,63.0,67.0,70.0,42.0
,1.0,3.0,domingo,2025.0,1.0,19.0,13,16.0,12.0,4.0,3.0,2.0,8.0,18.0,26.0,29,36,33,36.0,54.0,57.0,65.0,35.0,38.0,40.0,63.0,89.0,80.0,74.0,30.0
,1.0,4.0,lunes,2025.0,1.0,20.0,10,7.0,2.0,3.0,4.0,9.0,17.0,30.0,45.0,40,33,24,37.0,32.0,63.0,52.0,82.0,39.0,62.0,67.0,40.0,77.0,65.0,33.0
,1.0,4.0,martes,2025.0,1.0,21.0,8,6.0,3.0,0.0,9.0,18.0,20.0,60.0,77.0,55,25,48,43.0,72.0,95.0,55.0,48.0,35.0,59.0,46.0,73.0,94.0,63.0,23.0
,1.0,4.0,miércoles,2025.0,1.0,22.0,8,6.0,2.0,1.0,8.0,16.0,13.0,68.0,43.0,56,31,47,44.0,46.0,93.0,77.0,74.0,56.0,61.0,83.0,47.0,97.0,68.0,33.0
,1.0,4.0,jueves,2025.0,1.0,23.0,13,7.0,8.0,3.0,5.0,13.0,11.0,69.0,53.0,58,24,50,67.0,88.0,103.0,72.0,69.0,85.0,84.0,58.0,95.0,79.0,76.0,26.0
,1.0,4.0,viernes,2025.0,1.0,24.0,17,10.0,3.0,3.0,3.0,11.0,14.0,52.0,75.0,54,42,52,42.0,91.0,74.0,47.0,69.0,60.0,93.0,99.0,101.0,109.0,92.0,81.0
,1.0,4.0,sábado,2025.0,1.0,25.0,35,25.0,6.0,2.0,10.0,6.0,12.0,28.0,46.0,27,35,27,34.0,32.0,54.0,44.0,33.0,32.0,57.0,59.0,71.0,59.0,60.0,43.0
,1.0,4.0,domingo,2025.0,1.0,26.0,30,24.0,8.0,2.0,9.0,9.0,10.0,9.0,39.0,24,35,30,61.0,56.0,68.0,54.0,45.0,59.0,41.0,71.0,63.0,95.0,67.0,25.0
,1.0,5.0,lunes,2025.0,1.0,27.0,12,8.0,4.0,1.0,3.0,15.0,22.0,72.0,64.0,59,24,12,56.0,55.0,45.0,77.0,71.0,40.0,68.0,61.0,71.0,67.0,55.0,32.0
,1.0,5.0,martes,2025.0,1.0,28.0,11,5.0,7.0,4.0,3.0,12.0,20.0,66.0,71.0,62,33,39,53.0,79.0,60.0,101.0,47.0,77.0,83.0,90.0,97.0,85.0,53.0,36.0
,1.0,5.0,miércoles,2025.0,1.0,29.0,17,15.0,15.0,5.0,9.0,5.0,9.0,23.0,32.0,29,35,40,42.0,37.0,64.0,62.0,48.0,54.0,49.0,65.0,55.0,87.0,66.0,28.0
,1.0,5.0,jueves,2025.0,1.0,30.0,15,10.0,2.0,1.0,2.0,7.0,26.0,43.0,59.0,45,29,46,28.0,56.0,69.0,76.0,75.0,63.0,59.0,86.0,82.0,93.0,58.0,43.0
,1.0,5.0,viernes,2025.0,1.0,31.0,20,8.0,1.0,2.0,6.0,19.0,18.0,50.0,77.0,61,40,54,56.0,84.0,88.0,86.0,68.0,45.0,64.0,49.0,87.0,97.0,106.0,53.0
,1.0,5.0,sábado,2025.0,2.0,1.0,30,9.0,9.0,2.0,9.0,10.0,14.0,22.0,29.0,16,31,50,44.0,38.0,66.0,36.0,60.0,49.0,44.0,75.0,72.0,65.0,69.0,49.0
,1.0,5.0,domingo,2025.0,2.0,2.0,44,22.0,8.0,6.0,5.0,4.0,7.0,10.0,41.0,26,27,34,48.0,49.0,84.0,42.0,60.0,61.0,59.0,52.0,40.0,37.0,67.0,27.0
,1.0,6.0,lunes,2025.0,2.0,3.0,11,5.0,6.0,3.0,6.0,16.0,23.0,78.0,72.0,52,39,34,55.0,77.0,88.0,80.0,85.0,58.0,62.0,55.0,57.0,63.0,69.0,29.0
,1.0,6.0,martes,2025.0,2.0,4.0,13,3.0,3.0,3.0,4.0,6.0,24.0,70.0,88.0,79,52,33,48.0,45.0,94.0,45.0,60.0,70.0,91.0,92.0,64.0,57.0,65.0,19.0
,1.0,6.0,miércoles,2025.0,2.0,5.0,13,3.0,2.0,0.0,7.0,16.0,28.0,74.0,88.0,47,44,43,64.0,55.0,96.0,60.0,86.0,63.0,91.0,78.0,86.0,74.0,56.0,36.0
,1.0,6.0,jueves,2025.0,2.0,6.0,14,5.0,2.0,3.0,3.0,17.0,23.0,76.0,79.0,47,37,18,29.0,60.0,99.0,71.0,75.0,71.0,71.0,93.0,103.0,86.0,77.0,30.0
,1.0,6.0,viernes,2025.0,2.0,7.0,13,5.0,4.0,0.0,5.0,13.0,23.0,63.0,50.0,70,28,47,75.0,54.0,101.0,78.0,41.0,66.0,51.0,37.0,87.0,32.0,77.0,41.0
,1.0,6.0,sábado,2025.0,2.0,8.0,22,21.0,5.0,2.0,9.0,8.0,19.0,21.0,33.0,45,14,30,47.0,62.0,61.0,30.0,58.0,50.0,73.0,57.0,48.0,61.0,78.0,55.0
,1.0,6.0,domingo,2025.0,2.0,9.0,33,17.0,8.0,5.0,8.0,9.0,10.0,11.0,30.0,24,29,28,53.0,77.0,70.0,81.0,32.0,52.0,58.0,63.0,62.0,71.0,69.0,30.0
,1.0,7.0,lunes,2025.0,2.0,10.0,13,6.0,7.0,3.0,3.0,10.0,17.0,75.0,73.0,62,54,31,41.0,57.0,97.0,75.0,78.0,79.0,86.0,61.0,96.0,65.0,47.0,22.0
,1.0,7.0,martes,2025.0,2.0,11.0,9,2.0,5.0,2.0,5.0,19.0,23.0,66.0,81.0,75,19,62,62.0,55.0,102.0,100.0,80.0,93.0,73.0,68.0,83.0,61.0,64.0,21.0
,1.0,7.0,miércoles,2025.0,2.0,12.0,10,7.0,4.0,1.0,7.0,11.0,17.0,35.0,60.0,26,20,36,46.0,52.0,53.0,55.0,71.0,81.0,59.0,64.0,78.0,82.0,42.0,25.0
,1.0,7.0,jueves,2025.0,2.0,13.0,16,9.0,5.0,0.0,8.0,13.0,19.0,50.0,68.0,68,49,37,66.0,66.0,87.0,65.0,99.0,88.0,66.0,113.0,76.0,102.0,76.0,40.0
,1.0,7.0,viernes,2025.0,2.0,14.0,31,13.0,2.0,2.0,7.0,10.0,24.0,79.0,76.0,55,55,52,50.0,88.0,113.0,70.0,83.0,47.0,75.0,83.0,130.0,90.0,77.0,56.0
,1.0,7.0,sábado,2025.0,2.0,15.0,25,34.0,10.0,3.0,8.0,13.0,12.0,29.0,39.0,53,37,52,39.0,71.0,74.0,57.0,52.0,71.0,63.0,71.0,43.0,63.0,55.0,39.0
,1.0,7.0,domingo,2025.0,2.0,16.0,26,19.0,13.0,4.0,8.0,8.0,9.0,21.0,10.0,30,25,54,59.0,57.0,65.0,60.0,69.0,56.0,48.0,72.0,83.0,63.0,48.0,27.0
,1.0,8.0,lunes,2025.0,2.0,17.0,9,7.0,2.0,2.0,4.0,10.0,24.0,66.0,58.0,45,32,9,15.0,86.0,87.0,93.0,69.0,98.0,91.0,100.0,69.0,84.0,67.0,13.0
,1.0,8.0,martes,2025.0,2.0,18.0,10,7.0,3.0,1.0,5.0,12.0,26.0,50.0,38.0,54,40,59,36.0,53.0,105.0,85.0,60.0,67.0,77.0,106.0,113.0,59.0,65.0,27.0
,1.0,8.0,miércoles,2025.0,2.0,19.0,12,4.0,5.0,2.0,5.0,15.0,29.0,73.0,77.0,52,50,52,58.0,56.0,99.0,58.0,46.0,108.0,70.0,79.0,110.0,74.0,77.0,33.0
,1.0,8.0,jueves,2025.0,2.0,20.0,5,7.0,4.0,1.0,9.0,13.0,29.0,77.0,38.0,33,34,52,67.0,36.0,109.0,115.0,65.0,80.0,90.0,78.0,87.0,85.0,39.0,39.0
,1.0,8.0,viernes,2025.0,2.0,21.0,16,12.0,3.0,2.0,8.0,13.0,22.0,65.0,70.0,60,43,66,84.0,60.0,95.0,48.0,58.0,52.0,55.0,91.0,80.0,89.0,99.0,36.0
,1.0,8.0,sábado,2025.0,2.0,22.0,32,17.0,8.0,3.0,4.0,10.0,15.0,12.0,57.0,46,38,65,58.0,67.0,79.0,31.0,54.0,58.0,57.0,99.0,77.0,89.0,81.0,45.0
,1.0,8.0,domingo,2025.0,2.0,23.0,34,20.0,10.0,6.0,8.0,7.0,10.0,18.0,35.0,41,31,46,41.0,53.0,68.0,60.0,58.0,49.0,47.0,81.0,89.0,108.0,60.0,30.0
,1.0,9.0,lunes,2025.0,2.0,24.0,19,6.0,3.0,1.0,6.0,14.0,18.0,32.0,69.0,43,41,38,60.0,68.0,75.0,82.0,69.0,95.0,65.0,94.0,77.0,72.0,53.0,25.0
,1.0,9.0,martes,2025.0,2.0,25.0,10,12.0,3.0,4.0,9.0,10.0,22.0,75.0,70.0,53,41,37,49.0,87.0,108.0,41.0,77.0,83.0,54.0,110.0,79.0,94.0,65.0,41.0
,1.0,9.0,miércoles,2025.0,2.0,26.0,15,8.0,2.0,3.0,5.0,12.0,23.0,75.0,82.0,41,41,41,51.0,70.0,94.0,91.0,61.0,51.0,90.0,75.0,69.0,75.0,73.0,19.0
,1.0,9.0,jueves,2025.0,2.0,27.0,14,7.0,6.0,1.0,5.0,8.0,22.0,76.0,62.0,68,29,50,48.0,74.0,97.0,87.0,91.0,57.0,93.0,96.0,103.0,98.0,65.0,34.0
,1.0,9.0,viernes,2025.0,2.0,28.0,11,3.0,0.0,1.0,12.0,13.0,21.0,60.0,67.0,56,28,66,48.0,37.0,118.0,80.0,96.0,37.0,69.0,78.0,109.0,102.0,96.0,62.0
,1.0,9.0,sábado,2025.0,3.0,1.0,43,16.0,13.0,2.0,4.0,7.0,14.0,22.0,36.0,39,44,39,58.0,76.0,87.0,39.0,54.0,56.0,68.0,70.0,54.0,43.0,71.0,47.0
,1.0,9.0,domingo,2025.0,3.0,2.0,27,25.0,9.0,4.0,3.0,8.0,6.0,13.0,14.0,14,30,42,37.0,44.0,28.0,48.0,32.0,25.0,29.0,61.0,43.0,84.0,52.0,30.0
,1.0,10.0,lunes,2025.0,3.0,3.0,11,12.0,2.0,1.0,6.0,12.0,18.0,55.0,68.0,57,34,31,33.0,63.0,61.0,34.0,38.0,25.0,23.0,20.0,45.0,43.0,40.0,18.0
,1.0,10.0,martes,2025.0,3.0,4.0,6,4.0,1.0,0.0,9.0,13.0,26.0,31.0,80.0,65,45,46,44.0,59.0,108.0,87.0,71.0,29.0,73.0,79.0,73.0,82.0,87.0,42.0
,1.0,10.0,miércoles,2025.0,3.0,5.0,35,14.0,8.0,0.0,9.0,7.0,9.0,13.0,34.0,39,42,54,61.0,64.0,60.0,63.0,62.0,37.0,66.0,105.0,73.0,63.0,52.0,56.0
,1.0,10.0,jueves,2025.0,3.0,6.0,14,4.0,4.0,2.0,8.0,13.0,19.0,68.0,59.0,45,47,54,55.0,51.0,92.0,86.0,82.0,85.0,97.0,83.0,101.0,72.0,52.0,39.0
,1.0,10.0,viernes,2025.0,3.0,7.0,18,9.0,4.0,3.0,9.0,17.0,27.0,68.0,70.0,63,32,50,51.0,81.0,91.0,100.0,48.0,65.0,66.0,96.0,91.0,95.0,93.0,29.0
,1.0,10.0,sábado,2025.0,3.0,8.0,23,17.0,5.0,5.0,9.0,13.0,15.0,23.0,26.0,21,34,48,64.0,24.0,52.0,58.0,30.0,36.0,34.0,64.0,21.0,23.0,28.0,20.0
,1.0,10.0,domingo,2025.0,3.0,9.0,24,21.0,7.0,2.0,4.0,4.0,3.0,12.0,35.0,26,34,24,55.0,67.0,65.0,58.0,26.0,61.0,62.0,70.0,76.0,86.0,37.0,29.0
,1.0,11.0,lunes,2025.0,3.0,10.0,11,11.0,4.0,6.0,6.0,10.0,16.0,71.0,54.0,64,45,35,42.0,67.0,101.0,58.0,95.0,59.0,87.0,84.0,86.0,63.0,71.0,23.0
,1.0,11.0,martes,2025.0,3.0,11.0,8,4.0,1.0,3.0,2.0,16.0,22.0,80.0,77.0,39,21,38,36.0,55.0,73.0,45.0,56.0,77.0,84.0,78.0,46.0,75.0,71.0,27.0
,1.0,11.0,miércoles,2025.0,3.0,12.0,14,4.0,3.0,2.0,5.0,13.0,18.0,52.0,68.0,61,45,44,44.0,60.0,50.0,100.0,40.0,64.0,109.0,83.0,103.0,93.0,63.0,54.0
,1.0,11.0,jueves,2025.0,3.0,13.0,24,6.0,2.0,2.0,7.0,7.0,24.0,48.0,50.0,56,31,39,58.0,62.0,66.0,70.0,56.0,52.0,52.0,52.0,52.0,62.0,77.0,23.0
,1.0,11.0,viernes,2025.0,3.0,14.0,15,6.0,2.0,3.0,10.0,11.0,19.0,69.0,51.0,54,27,59,49.0,61.0,103.0,104.0,69.0,60.0,43.0,83.0,101.0,101.0,87.0,50.0
,1.0,11.0,sábado,2025.0,3.0,15.0,29,10.0,8.0,3.0,6.0,9.0,13.0,31.0,43.0,57,45,21,46.0,60.0,50.0,64.0,50.0,27.0,55.0,59.0,44.0,71.0,73.0,55.0
,1.0,11.0,domingo,2025.0,3.0,16.0,17,20.0,11.0,3.0,6.0,6.0,7.0,11.0,22.0,29,30,42,36.0,14.0,26.0,30.0,44.0,18.0,28.0,33.0,52.0,63.0,72.0,27.0
,1.0,12.0,lunes,2025.0,3.0,17.0,13,6.0,6.0,2.0,4.0,16.0,17.0,56.0,66.0,55,40,47,50.0,84.0,90.0,79.0,67.0,54.0,46.0,64.0,51.0,45.0,69.0,23.0
,1.0,12.0,martes,2025.0,3.0,18.0,11,4.0,5.0,3.0,6.0,13.0,18.0,41.0,56.0,50,44,31,26.0,36.0,57.0,63.0,37.0,28.0,45.0,43.0,30.0,52.0,45.0,22.0
,1.0,12.0,miércoles,2025.0,3.0,19.0,10,3.0,2.0,1.0,5.0,9.0,15.0,63.0,54.0,49,46,61,42.0,58.0,27.0,91.0,58.0,55.0,71.0,65.0,71.0,72.0,59.0,44.0
,1.0,12.0,jueves,2025.0,3.0,20.0,25,10.0,4.0,1.0,5.0,6.0,18.0,65.0,76.0,44,41,29,46.0,78.0,103.0,93.0,60.0,55.0,76.0,98.0,95.0,84.0,59.0,34.0
,1.0,12.0,viernes,2025.0,3.0,21.0,29,12.0,4.0,5.0,6.0,8.0,13.0,53.0,70.0,34,40,41,62.0,58.0,111.0,95.0,78.0,35.0,67.0,55.0,102.0,57.0,79.0,52.0
,1.0,12.0,sábado,2025.0,3.0,22.0,32,15.0,14.0,8.0,8.0,13.0,15.0,25.0,46.0,53,50,40,42.0,29.0,35.0,45.0,59.0,37.0,41.0,79.0,40.0,63.0,79.0,35.0
,1.0,12.0,domingo,2025.0,3.0,23.0,33,26.0,6.0,5.0,7.0,4.0,11.0,11.0,33.0,20,27,46,47.0,35.0,63.0,35.0,48.0,43.0,42.0,27.0,73.0,89.0,52.0,33.0
,1.0,13.0,lunes,2025.0,3.0,24.0,17,7.0,4.0,2.0,3.0,11.0,22.0,19.0,80.0,51,46,40,28.0,53.0,57.0,76.0,84.0,91.0,84.0,121.0,61.0,74.0,32.0,16.0
,1.0,13.0,martes,2025.0,3.0,25.0,4,3.0,2.0,5.0,6.0,13.0,26.0,63.0,72.0,76,24,48,51.0,31.0,119.0,114.0,74.0,59.0,78.0,78.0,90.0,74.0,65.0,23.0
,1.0,13.0,miércoles,2025.0,3.0,26.0,17,8.0,1.0,4.0,6.0,13.0,27.0,80.0,76.0,57,43,45,32.0,54.0,128.0,75.0,83.0,51.0,18.0,107.0,81.0,89.0,58.0,17.0
,1.0,13.0,jueves,2025.0,3.0,27.0,17,13.0,3.0,1.0,5.0,14.0,25.0,77.0,85.0,27,35,38,57.0,81.0,104.0,91.0,79.0,85.0,84.0,108.0,72.0,75.0,74.0,44.0
,1.0,13.0,viernes,2025.0,3.0,28.0,17,5.0,2.0,4.0,4.0,12.0,18.0,81.0,77.0,49,53,40,62.0,78.0,81.0,98.0,88.0,73.0,75.0,88.0,94.0,72.0,84.0,52.0
,1.0,13.0,sábado,2025.0,3.0,29.0,27,21.0,11.0,7.0,5.0,11.0,7.0,28.0,46.0,54,46,39,47.0,60.0,73.0,33.0,26.0,30.0,38.0,45.0,59.0,69.0,66.0,52.0
,1.0,13.0,domingo,2025.0,3.0,30.0,18,5.0,16.0,6.0,7.0,5.0,9.0,16.0,22.0,34,32,37,56.0,46.0,67.0,56.0,33.0,41.0,24.0,47.0,85.0,93.0,77.0,56.0
,1.0,14.0,lunes,2025.0,3.0,31.0,21,12.0,2.0,1.0,5.0,10.0,20.0,67.0,58.0,58,27,29,46.0,56.0,92.0,72.0,99.0,48.0,58.0,103.0,93.0,60.0,61.0,37.0
,1.0,14.0,martes,2025.0,4.0,1.0,17,9.0,5.0,3.0,7.0,11.0,21.0,87.0,86.0,42,50,38,39.0,69.0,34.0,115.0,75.0,91.0,104.0,88.0,80.0,72.0,73.0,25.0
,1.0,14.0,miércoles,2025.0,4.0,2.0,15,12.0,1.0,2.0,6.0,15.0,21.0,80.0,82.0,54,39,53,15.0,61.0,100.0,75.0,51.0,47.0,28.0,68.0,20.0,57.0,50.0,24.0
,1.0,14.0,jueves,2025.0,4.0,3.0,14,7.0,4.0,4.0,7.0,18.0,19.0,27.0,24.0,41,3,25,10.0,19.0,84.0,78.0,76.0,48.0,30.0,68.0,47.0,89.0,52.0,39.0
,1.0,14.0,viernes,2025.0,4.0,4.0,21,7.0,5.0,3.0,8.0,14.0,24.0,54.0,81.0,58,23,32,29.0,37.0,86.0,110.0,89.0,50.0,94.0,102.0,75.0,58.0,37.0,33.0
,1.0,14.0,sábado,2025.0,4.0,5.0,21,18.0,4.0,2.0,7.0,9.0,20.0,29.0,44.0,43,28,40,35.0,54.0,70.0,52.0,65.0,35.0,58.0,88.0,51.0,67.0,57.0,63.0
,1.0,14.0,domingo,2025.0,4.0,6.0,35,19.0,11.0,7.0,7.0,13.0,11.0,18.0,34.0,38,43,35,56.0,76.0,77.0,52.0,65.0,61.0,38.0,48.0,69.0,69.0,78.0,48.0
,1.0,15.0,lunes,2025.0,4.0,7.0,14,19.0,5.0,3.0,3.0,13.0,26.0,87.0,79.0,58,22,18,13.0,68.0,57.0,67.0,99.0,73.0,66.0,74.0,107.0,64.0,64.0,26.0
,1.0,15.0,martes,2025.0,4.0,8.0,14,7.0,8.0,4.0,6.0,11.0,33.0,79.0,79.0,72,34,48,58.0,84.0,91.0,78.0,85.0,86.0,72.0,111.0,70.0,91.0,71.0,36.0
,1.0,15.0,miércoles,2025.0,4.0,9.0,16,7.0,0.0,2.0,8.0,16.0,26.0,80.0,103.0,60,48,23,46.0,75.0,77.0,98.0,92.0,90.0,67.0,52.0,96.0,87.0,58.0,44.0
,1.0,15.0,jueves,2025.0,4.0,10.0,19,9.0,5.0,1.0,8.0,11.0,16.0,84.0,64.0,38,32,64,58.0,81.0,76.0,52.0,74.0,33.0,42.0,29.0,46.0,61.0,73.0,43.0
,1.0,15.0,viernes,2025.0,4.0,11.0,25,8.0,8.0,4.0,8.0,19.0,19.0,79.0,57.0,56,55,65,52.0,59.0,97.0,92.0,73.0,63.0,58.0,79.0,85.0,82.0,75.0,54.0
,1.0,15.0,sábado,2025.0,4.0,12.0,25,15.0,11.0,9.0,8.0,7.0,9.0,32.0,22.0,48,45,24,47.0,74.0,58.0,55.0,58.0,30.0,43.0,50.0,28.0,36.0,42.0,40.0
,1.0,15.0,domingo,2025.0,4.0,13.0,36,19.0,13.0,5.0,2.0,9.0,8.0,24.0,18.0,39,24,33,41.0,63.0,54.0,75.0,43.0,50.0,46.0,59.0,60.0,44.0,64.0,32.0
,1.0,16.0,lunes,2025.0,4.0,14.0,20,17.0,4.0,6.0,4.0,16.0,15.0,62.0,39.0,34,39,34,52.0,78.0,43.0,43.0,68.0,65.0,70.0,63.0,69.0,68.0,62.0,30.0
,1.0,16.0,martes,2025.0,4.0,15.0,16,8.0,3.0,5.0,3.0,13.0,21.0,32.0,51.0,33,39,23,33.0,52.0,52.0,55.0,43.0,33.0,66.0,71.0,59.0,83.0,39.0,45.0
,1.0,16.0,miércoles,2025.0,4.0,16.0,18,10.0,3.0,3.0,14.0,13.0,24.0,66.0,57.0,54,17,39,54.0,42.0,76.0,59.0,49.0,30.0,86.0,98.0,67.0,63.0,49.0,61.0
,1.0,16.0,jueves,2025.0,4.0,17.0,23,23.0,8.0,6.0,8.0,9.0,5.0,13.0,37.0,33,39,28,52.0,54.0,47.0,37.0,42.0,42.0,51.0,59.0,58.0,59.0,54.0,42.0
,1.0,16.0,viernes,2025.0,4.0,18.0,20,14.0,12.0,9.0,3.0,8.0,10.0,15.0,28.0,28,47,45,57.0,53.0,45.0,50.0,39.0,42.0,64.0,73.0,49.0,73.0,48.0,32.0
,1.0,16.0,sábado,2025.0,4.0,19.0,5,11.0,17.0,3.0,3.0,11.0,11.0,18.0,22.0,22,20,8,43.0,14.0,52.0,36.0,34.0,24.0,44.0,59.0,51.0,55.0,72.0,37.0
,1.0,16.0,domingo,2025.0,4.0,20.0,24,22.0,11.0,5.0,8.0,7.0,5.0,15.0,25.0,22,22,43,44.0,58.0,34.0,46.0,55.0,31.0,54.0,49.0,58.0,43.0,70.0,41.0
,1.0,17.0,lunes,2025.0,4.0,21.0,12,9.0,4.0,3.0,7.0,7.0,17.0,65.0,46.0,51,18,43,48.0,65.0,83.0,57.0,98.0,61.0,51.0,78.0,71.0,78.0,81.0,33.0
,1.0,17.0,martes,2025.0,4.0,22.0,19,6.0,7.0,4.0,7.0,11.0,10.0,40.0,39.0,34,34,39,25.0,34.0,61.0,55.0,84.0,61.0,74.0,85.0,50.0,94.0,85.0,53.0
,1.0,17.0,miércoles,2025.0,4.0,23.0,27,20.0,4.0,9.0,10.0,7.0,10.0,27.0,36.0,27,29,52,64.0,77.0,47.0,47.0,66.0,28.0,49.0,62.0,50.0,88.0,62.0,45.0
,1.0,17.0,jueves,2025.0,4.0,24.0,17,8.0,6.0,5.0,11.0,7.0,23.0,77.0,79.0,61,38,22,43.0,72.0,70.0,104.0,65.0,60.0,71.0,89.0,88.0,94.0,43.0,29.0
,1.0,17.0,viernes,2025.0,4.0,25.0,21,10.0,3.0,6.0,5.0,8.0,28.0,87.0,42.0,63,38,26,39.0,83.0,65.0,74.0,45.0,75.0,91.0,91.0,60.0,39.0,61.0,50.0
,1.0,17.0,sábado,2025.0,4.0,26.0,34,10.0,4.0,4.0,11.0,7.0,14.0,21.0,48.0,39,28,52,74.0,65.0,42.0,50.0,39.0,52.0,36.0,32.0,44.0,70.0,34.0,44.0
,1.0,17.0,domingo,2025.0,4.0,27.0,33,48.0,12.0,5.0,4.0,3.0,6.0,16.0,36.0,25,30,50,25.0,59.0,72.0,48.0,32.0,38.0,36.0,67.0,62.0,61.0,46.0,27.0
,1.0,18.0,lunes,2025.0,4.0,28.0,,,,,,,,,,APAGON GENERAL,,,,,,,,,,,,,,
,1.0,18.0,martes,2025.0,4.0,29.0,13,6.0,2.0,5.0,4.0,10.0,19.0,89.0,79.0,65,43,72,49.0,111.0,101.0,97.0,84.0,88.0,81.0,51.0,67.0,58.0,32.0,42.0
,1.0,18.0,miércoles,2025.0,4.0,30.0,16,9.0,4.0,5.0,10.0,9.0,21.0,63.0,90.0,75,38,50,61.0,58.0,119.0,99.0,63.0,80.0,62.0,20.0,97.0,51.0,56.0,55.0
,1.0,18.0,jueves,2025.0,5.0,1.0,21,13.0,9.0,4.0,5.0,6.0,5.0,19.0,53.0,29,42,53,68.0,67.0,72.0,50.0,43.0,41.0,44.0,70.0,50.0,46.0,58.0,41.0
,1.0,18.0,viernes,2025.0,5.0,2.0,23,9.0,6.0,3.0,6.0,4.0,16.0,54.0,49.0,60,24,37,29.0,52.0,54.0,50.0,37.0,14.0,43.0,40.0,39.0,75.0,61.0,49.0
,1.0,18.0,sábado,2025.0,5.0,3.0,20,21.0,5.0,0.0,6.0,3.0,16.0,33.0,27.0,45,41,37,52.0,79.0,46.0,19.0,41.0,24.0,21.0,59.0,53.0,38.0,26.0,36.0
,1.0,18.0,domingo,2025.0,5.0,4.0,27,25.0,14.0,2.0,4.0,5.0,8.0,29.0,22.0,22,30,35,69.0,61.0,56.0,45.0,31.0,53.0,46.0,76.0,36.0,52.0,55.0,44.0
,1.0,19.0,lunes,2025.0,5.0,5.0,20,14.0,2.0,1.0,5.0,8.0,13.0,25.0,75.0,41,33,45,51.0,85.0,111.0,76.0,84.0,93.0,90.0,85.0,101.0,70.0,67.0,34.0
,1.0,19.0,martes,2025.0,5.0,6.0,13,14.0,3.0,2.0,7.0,8.0,24.0,82.0,76.0,66,43,47,50.0,53.0,83.0,92.0,72.0,85.0,109.0,82.0,85.0,92.0,68.0,37.0
,1.0,19.0,miércoles,2025.0,5.0,7.0,20,11.0,2.0,2.0,5.0,11.0,21.0,72.0,83.0,52,63,60,53.0,42.0,61.0,86.0,97.0,74.0,48.0,90.0,105.0,69.0,66.0,35.0
,1.0,19.0,jueves,2025.0,5.0,8.0,15,20.0,6.0,2.0,5.0,8.0,17.0,91.0,106.0,59,49,39,69.0,63.0,101.0,88.0,56.0,54.0,91.0,46.0,83.0,54.0,68.0,19.0
,1.0,19.0,viernes,2025.0,5.0,9.0,23,11.0,4.0,8.0,4.0,12.0,24.0,81.0,107.0,75,34,49,69.0,70.0,62.0,95.0,83.0,50.0,42.0,64.0,91.0,88.0,55.0,50.0
,1.0,19.0,sábado,2025.0,5.0,10.0,36,13.0,3.0,5.0,4.0,5.0,13.0,17.0,25.0,47,42,33,45.0,33.0,76.0,43.0,33.0,49.0,53.0,100.0,52.0,63.0,64.0,38.0
,1.0,19.0,domingo,2025.0,5.0,11.0,37,33.0,19.0,4.0,4.0,5.0,11.0,31.0,31.0,32,23,47,72.0,69.0,64.0,68.0,28.0,35.0,39.0,45.0,94.0,89.0,54.0,36.0
,1.0,20.0,lunes,2025.0,5.0,12.0,22,10.0,3.0,3.0,5.0,13.0,21.0,55.0,49.0,35,40,56,39.0,79.0,98.0,99.0,66.0,53.0,102.0,72.0,79.0,83.0,39.0,15.0
,1.0,20.0,martes,2025.0,5.0,13.0,11,8.0,4.0,5.0,5.0,20.0,24.0,91.0,44.0,69,46,35,52.0,52.0,79.0,52.0,93.0,46.0,70.0,27.0,91.0,50.0,10.0,30.0
,1.0,20.0,miércoles,2025.0,5.0,14.0,21,9.0,6.0,1.0,9.0,18.0,25.0,93.0,89.0,49,66,39,47.0,65.0,108.0,103.0,57.0,81.0,91.0,78.0,67.0,48.0,42.0,22.0
,1.0,20.0,jueves,2025.0,5.0,15.0,20,6.0,0.0,4.0,2.0,16.0,16.0,80.0,85.0,23,54,33,47.0,61.0,97.0,47.0,71.0,95.0,104.0,49.0,84.0,65.0,55.0,28.0
,1.0,20.0,viernes,2025.0,5.0,16.0,27,5.0,8.0,4.0,5.0,11.0,25.0,93.0,57.0,53,49,62,55.0,55.0,71.0,66.0,83.0,69.0,94.0,84.0,92.0,100.0,83.0,49.0
,1.0,20.0,sábado,2025.0,5.0,17.0,18,29.0,8.0,4.0,3.0,16.0,16.0,31.0,59.0,27,56,63,68.0,80.0,51.0,44.0,58.0,42.0,74.0,87.0,63.0,53.0,43.0,40.0
,1.0,20.0,domingo,2025.0,5.0,18.0,37,26.0,15.0,8.0,9.0,10.0,16.0,13.0,34.0,19,51,45,71.0,36.0,29.0,53.0,70.0,50.0,60.0,59.0,42.0,35.0,56.0,4.0
,1.0,21.0,lunes,2025.0,5.0,19.0,26,13.0,1.0,5.0,5.0,10.0,18.0,80.0,72.0,63,40,58,44.0,65.0,65.0,60.0,52.0,57.0,65.0,49.0,61.0,60.0,31.0,31.0
,1.0,21.0,martes,2025.0,5.0,20.0,7,10.0,6.0,1.0,6.0,7.0,23.0,69.0,65.0,41,46,31,57.0,65.0,105.0,111.0,87.0,52.0,95.0,78.0,50.0,62.0,65.0,45.0
,1.0,21.0,miércoles,2025.0,5.0,21.0,19,7.0,2.0,1.0,7.0,9.0,35.0,60.0,80.0,23,54,67,56.0,88.0,56.0,91.0,55.0,40.0,108.0,113.0,120.0,89.0,86.0,42.0
,1.0,21.0,jueves,2025.0,5.0,22.0,21,10.0,2.0,4.0,3.0,13.0,10.0,90.0,96.0,63,55,56,56.0,90.0,102.0,85.0,57.0,67.0,109.0,108.0,90.0,99.0,48.0,43.0
,1.0,21.0,viernes,2025.0,5.0,23.0,25,7.0,1.0,6.0,6.0,12.0,28.0,89.0,81.0,17,12,59,60.0,66.0,112.0,91.0,65.0,57.0,48.0,119.0,85.0,111.0,102.0,66.0
,1.0,21.0,sábado,2025.0,5.0,24.0,41,15.0,13.0,3.0,6.0,10.0,19.0,23.0,48.0,42,15,65,28.0,80.0,86.0,47.0,60.0,72.0,77.0,95.0,35.0,74.0,51.0,48.0
,1.0,21.0,domingo,2025.0,5.0,25.0,38,19.0,17.0,5.0,3.0,6.0,13.0,31.0,27.0,36,47,28,32.0,57.0,101.0,47.0,47.0,79.0,60.0,42.0,74.0,76.0,43.0,48.0
,1.0,22.0,lunes,2025.0,5.0,26.0,13,8.0,6.0,4.0,5.0,12.0,30.0,92.0,69.0,76,35,51,47.0,87.0,100.0,60.0,84.0,75.0,58.0,121.0,86.0,91.0,67.0,37.0
,1.0,22.0,martes,2025.0,5.0,27.0,15,7.0,4.0,3.0,3.0,20.0,32.0,94.0,54.0,80,70,78,46.0,91.0,117.0,86.0,93.0,55.0,90.0,70.0,57.0,88.0,49.0,28.0
,1.0,22.0,miércoles,2025.0,5.0,28.0,26,11.0,5.0,8.0,4.0,15.0,23.0,96.0,87.0,63,55,12,34.0,63.0,106.0,91.0,104.0,89.0,125.0,95.0,66.0,78.0,58.0,20.0
,1.0,22.0,jueves,2025.0,5.0,29.0,23,15.0,8.0,3.0,0.0,18.0,33.0,54.0,59.0,77,38,39,59.0,67.0,117.0,65.0,98.0,68.0,79.0,102.0,136.0,47.0,78.0,47.0
,1.0,22.0,viernes,2025.0,5.0,30.0,17,8.0,7.0,3.0,7.0,13.0,8.0,54.0,59.0,58,44,37,76.0,93.0,112.0,96.0,57.0,55.0,66.0,80.0,96.0,53.0,53.0,38.0
,1.0,22.0,sábado,2025.0,5.0,31.0,41,33.0,13.0,6.0,9.0,10.0,22.0,38.0,41.0,50,55,27,61.0,91.0,72.0,48.0,34.0,48.0,47.0,44.0,41.0,32.0,53.0,48.0
,1.0,22.0,domingo,2025.0,6.0,1.0,41,14.0,14.0,9.0,5.0,8.0,16.0,28.0,11.0,38,36,38,48.0,79.0,73.0,52.0,48.0,31.0,22.0,37.0,43.0,77.0,36.0,50.0
,1.0,23.0,lunes,2025.0,6.0,2.0,20,5.0,8.0,5.0,6.0,10.0,31.0,89.0,40.0,44,40,53,29.0,61.0,65.0,57.0,66.0,63.0,47.0,72.0,44.0,51.0,37.0,28.0
,1.0,23.0,martes,2025.0,6.0,3.0,9,6.0,0.0,3.0,2.0,12.0,35.0,75.0,50.0,19,38,39,42.0,85.0,66.0,57.0,66.0,94.0,34.0,57.0,35.0,38.0,46.0,32.0
,1.0,23.0,miércoles,2025.0,6.0,4.0,13,9.0,1.0,2.0,5.0,10.0,36.0,73.0,62.0,32,33,82,59.0,89.0,113.0,72.0,90.0,43.0,116.0,65.0,114.0,62.0,60.0,44.0
,1.0,23.0,jueves,2025.0,6.0,5.0,24,13.0,6.0,4.0,4.0,16.0,30.0,70.0,75.0,55,74,74,77.0,77.0,109.0,91.0,36.0,71.0,99.0,113.0,100.0,76.0,67.0,55.0
,1.0,23.0,viernes,2025.0,6.0,6.0,11,10.0,8.0,6.0,1.0,15.0,32.0,44.0,71.0,35,44,81,53.0,80.0,125.0,64.0,82.0,40.0,60.0,84.0,56.0,48.0,53.0,37.0
,1.0,23.0,sábado,2025.0,6.0,7.0,10,24.0,9.0,7.0,7.0,13.0,27.0,18.0,46.0,44,73,65,43.0,81.0,82.0,46.0,52.0,21.0,53.0,43.0,62.0,20.0,72.0,60.0
,1.0,23.0,domingo,2025.0,6.0,8.0,37,20.0,9.0,2.0,8.0,8.0,15.0,46.0,33.0,43,34,23,54.0,47.0,45.0,66.0,37.0,38.0,36.0,16.0,49.0,73.0,71.0,38.0
,1.0,24.0,lunes,2025.0,6.0,9.0,36,6.0,8.0,8.0,5.0,14.0,41.0,84.0,56.0,68,50,52,59.0,65.0,102.0,88.0,59.0,27.0,69.0,67.0,47.0,79.0,59.0,22.0
,1.0,24.0,martes,2025.0,6.0,10.0,20,13.0,2.0,3.0,3.0,7.0,26.0,75.0,72.0,65,24,50,54.0,64.0,112.0,41.0,34.0,70.0,58.0,64.0,60.0,42.0,54.0,15.0
,1.0,24.0,miércoles,2025.0,6.0,11.0,17,13.0,6.0,6.0,6.0,15.0,39.0,54.0,93.0,81,26,62,34.0,60.0,107.0,65.0,58.0,86.0,56.0,60.0,53.0,44.0,28.0,18.0
,1.0,24.0,jueves,2025.0,6.0,12.0,18,6.0,4.0,5.0,4.0,12.0,35.0,62.0,45.0,54,60,48,56.0,78.0,86.0,37.0,85.0,29.0,58.0,47.0,62.0,43.0,32.0,14.0
,1.0,24.0,viernes,2025.0,6.0,13.0,16,11.0,10.0,4.0,7.0,18.0,35.0,89.0,54.0,72,52,74,54.0,51.0,77.0,67.0,89.0,82.0,53.0,58.0,74.0,78.0,75.0,48.0
,1.0,24.0,sábado,2025.0,6.0,14.0,43,25.0,22.0,8.0,8.0,13.0,25.0,30.0,24.0,45,38,34,31.0,75.0,50.0,42.0,36.0,36.0,53.0,35.0,45.0,44.0,47.0,29.0
,1.0,24.0,domingo,2025.0,6.0,15.0,34,28.0,16.0,7.0,7.0,5.0,8.0,26.0,29.0,42,39,58,50.0,49.0,72.0,39.0,52.0,60.0,39.0,35.0,80.0,86.0,79.0,56.0
,1.0,25.0,lunes,2025.0,6.0,16.0,20,9.0,2.0,1.0,3.0,15.0,24.0,96.0,57.0,37,50,61,67.0,73.0,84.0,91.0,80.0,75.0,85.0,80.0,54.0,46.0,78.0,28.0
,1.0,25.0,martes,2025.0,6.0,17.0,23,11.0,4.0,2.0,2.0,18.0,34.0,99.0,62.0,56,39,57,52.0,86.0,109.0,71.0,70.0,47.0,59.0,56.0,56.0,28.0,44.0,34.0
,1.0,25.0,miércoles,2025.0,6.0,18.0,26,4.0,8.0,2.0,8.0,12.0,28.0,72.0,103.0,84,48,71,46.0,84.0,93.0,40.0,64.0,54.0,74.0,80.0,69.0,34.0,25.0,31.0
,1.0,25.0,jueves,2025.0,6.0,19.0,14,10.0,3.0,2.0,4.0,14.0,27.0,52.0,85.0,89,42,66,41.0,90.0,106.0,88.0,80.0,59.0,75.0,91.0,69.0,96.0,58.0,71.0
,1.0,25.0,viernes,2025.0,6.0,20.0,34,18.0,9.0,5.0,2.0,10.0,35.0,57.0,98.0,80,36,58,57.0,80.0,111.0,92.0,49.0,29.0,25.0,57.0,40.0,17.0,20.0,8.0
,1.0,25.0,sábado,2025.0,6.0,21.0,16,19.0,14.0,5.0,9.0,17.0,16.0,48.0,46.0,61,42,58,80.0,87.0,41.0,41.0,38.0,40.0,21.0,67.0,52.0,86.0,32.0,44.0
,1.0,25.0,domingo,2025.0,6.0,22.0,36,18.0,9.0,4.0,6.0,7.0,12.0,13.0,22.0,40,43,31,35.0,71.0,50.0,39.0,43.0,37.0,21.0,19.0,6.0,21.0,31.0,28.0
,1.0,26.0,lunes,2025.0,6.0,23.0,26,15.0,8.0,5.0,6.0,21.0,12.0,61.0,66.0,81,45,46,36.0,44.0,67.0,87.0,75.0,79.0,65.0,87.0,61.0,47.0,56.0,22.0
,1.0,26.0,martes,2025.0,6.0,24.0,28,16.0,5.0,7.0,3.0,12.0,17.0,48.0,17.0,51,44,58,46.0,72.0,86.0,87.0,76.0,76.0,25.0,77.0,66.0,23.0,32.0,16.0
,1.0,26.0,miércoles,2025.0,6.0,25.0,29,17.0,6.0,7.0,5.0,16.0,20.0,59.0,62.0,64,58,60,58.0,68.0,101.0,74.0,67.0,69.0,65.0,70.0,75.0,58.0,41.0,51.0
,1.0,26.0,jueves,2025.0,6.0,26.0,36,16.0,6.0,5.0,2.0,16.0,28.0,89.0,65.0,59,59,65,50.0,82.0,100.0,90.0,75.0,44.0,68.0,75.0,108.0,85.0,87.0,60.0
,1.0,26.0,viernes,2025.0,6.0,27.0,,,,,,,,,,,SIN DATOS,,,,,,,,,,,,,
,1.0,26.0,sábado,2025.0,6.0,28.0,29,24.0,24.0,8.0,9.0,18.0,22.0,45.0,36.0,65,56,56,59.0,65.0,80.0,35.0,41.0,41.0,32.0,63.0,57.0,53.0,29.0,35.0
,1.0,26.0,domingo,2025.0,6.0,29.0,44,21.0,10.0,10.0,6.0,10.0,15.0,37.0,28.0,41,35,44,36.0,54.0,70.0,59.0,35.0,26.0,26.0,41.0,57.0,41.0,30.0,29.0
,1.0,27.0,lunes,2025.0,6.0,30.0,25,10.0,3.0,3.0,5.0,20.0,36.0,83.0,78.0,56,42,52,48.0,83.0,78.0,84.0,66.0,71.0,51.0,66.0,82.0,84.0,77.0,49.0
,1.0,27.0,martes,2025.0,7.0,1.0,23,12.0,3.0,4.0,6.0,17.0,36.0,86.0,81.0,68,57,60,52.0,70.0,100.0,71.0,63.0,48.0,49.0,84.0,61.0,66.0,63.0,57.0
,1.0,27.0,miércoles,2025.0,7.0,2.0,35,14.0,9.0,9.0,5.0,16.0,43.0,89.0,73.0,63,44,58,73.0,81.0,99.0,82.0,66.0,71.0,73.0,82.0,80.0,86.0,75.0,54.0
,1.0,27.0,jueves,2025.0,7.0,3.0,26,19.0,4.0,10.0,5.0,12.0,37.0,84.0,91.0,60,66,57,64.0,84.0,118.0,73.0,75.0,65.0,67.0,73.0,78.0,71.0,80.0,46.0
,1.0,27.0,viernes,2025.0,7.0,4.0,13,6.0,7.0,3.0,3.0,13.0,37.0,63.0,37.0,36,61,30,43.0,72.0,90.0,84.0,67.0,53.0,30.0,43.0,36.0,45.0,37.0,20.0
,1.0,27.0,sábado,2025.0,7.0,5.0,36,20.0,11.0,11.0,7.0,16.0,19.0,38.0,27.0,26,45,67,60.0,75.0,73.0,53.0,48.0,30.0,37.0,51.0,62.0,54.0,53.0,54.0
,1.0,27.0,domingo,2025.0,7.0,6.0,50,24.0,30.0,3.0,8.0,11.0,11.0,33.0,24.0,34,50,39,53.0,58.0,55.0,49.0,40.0,30.0,34.0,72.0,69.0,73.0,80.0,65.0
,1.0,28.0,lunes,2025.0,7.0,7.0,30,14.0,8.0,7.0,9.0,17.0,36.0,92.0,84.0,59,49,50,55.0,82.0,95.0,85.0,85.0,74.0,85.0,99.0,99.0,78.0,100.0,42.0
,1.0,28.0,martes,2025.0,7.0,8.0,37,14.0,7.0,6.0,5.0,16.0,29.0,85.0,67.0,58,50,46,60.0,70.0,101.0,88.0,80.0,72.0,70.0,103.0,117.0,88.0,80.0,45.0
,1.0,28.0,miércoles,2025.0,7.0,9.0,22,15.0,3.0,3.0,7.0,16.0,35.0,73.0,66.0,61,52,45,65.0,65.0,87.0,84.0,76.0,54.0,56.0,60.0,60.0,64.0,59.0,31.0
,1.0,28.0,jueves,2025.0,7.0,10.0,22,4.0,5.0,6.0,8.0,19.0,31.0,81.0,69.0,39,39,39,52.0,73.0,81.0,87.0,59.0,71.0,67.0,105.0,107.0,59.0,40.0,43.0
,1.0,28.0,viernes,2025.0,7.0,11.0,30,25.0,6.0,5.0,6.0,18.0,29.0,58.0,75.0,48,48,16,39.0,76.0,96.0,76.0,58.0,32.0,36.0,40.0,55.0,51.0,56.0,43.0
,1.0,28.0,sábado,2025.0,7.0,12.0,19,7.0,10.0,2.0,6.0,12.0,13.0,20.0,9.0,23,19,26,54.0,60.0,54.0,21.0,15.0,20.0,32.0,77.0,71.0,75.0,61.0,56.0
,1.0,28.0,domingo,2025.0,7.0,13.0,38,21.0,15.0,4.0,7.0,8.0,10.0,26.0,27.0,28,28,42,54.0,56.0,60.0,45.0,41.0,34.0,33.0,57.0,69.0,73.0,56.0,34.0
,1.0,29.0,lunes,2025.0,7.0,14.0,37,18.0,6.0,5.0,5.0,14.0,40.0,79.0,51.0,64,59,49,57.0,68.0,93.0,85.0,81.0,55.0,62.0,60.0,24.0,38.0,38.0,41.0
,1.0,29.0,martes,2025.0,7.0,15.0,23,13.0,7.0,3.0,4.0,22.0,32.0,84.0,73.0,83,47,61,58.0,96.0,118.0,92.0,77.0,58.0,55.0,100.0,84.0,69.0,94.0,44.0
,1.0,29.0,miércoles,2025.0,7.0,16.0,25,15.0,7.0,8.0,4.0,21.0,33.0,71.0,70.0,69,60,51,64.0,87.0,108.0,85.0,71.0,54.0,66.0,66.0,67.0,52.0,46.0,22.0
,1.0,29.0,jueves,2025.0,7.0,17.0,18,9.0,6.0,7.0,8.0,13.0,34.0,85.0,61.0,54,49,60,62.0,75.0,95.0,71.0,69.0,52.0,58.0,94.0,66.0,49.0,20.0,11.0
,1.0,29.0,viernes,2025.0,7.0,18.0,17,5.0,4.0,5.0,14.0,18.0,33.0,65.0,60.0,62,49,46,33.0,58.0,81.0,60.0,45.0,30.0,29.0,29.0,35.0,37.0,74.0,57.0
,1.0,29.0,sábado,2025.0,7.0,19.0,34,18.0,6.0,5.0,7.0,10.0,16.0,39.0,26.0,59,43,56,63.0,61.0,59.0,61.0,37.0,37.0,34.0,65.0,57.0,40.0,45.0,42.0
,1.0,29.0,domingo,2025.0,7.0,20.0,24,17.0,8.0,5.0,4.0,7.0,13.0,17.0,28.0,30,21,51,41.0,56.0,56.0,50.0,31.0,22.0,30.0,25.0,47.0,58.0,67.0,39.0
,1.0,30.0,lunes,2025.0,7.0,21.0,26,9.0,7.0,11.0,1.0,20.0,39.0,78.0,54.0,70,51,55,61.0,78.0,87.0,83.0,65.0,71.0,73.0,104.0,102.0,89.0,72.0,62.0
,1.0,30.0,martes,2025.0,7.0,22.0,26,13.0,4.0,3.0,1.0,21.0,33.0,99.0,67.0,72,57,58,58.0,81.0,109.0,93.0,79.0,59.0,45.0,64.0,52.0,43.0,46.0,37.0
,1.0,30.0,miércoles,2025.0,7.0,23.0,28,9.0,8.0,7.0,7.0,21.0,32.0,81.0,65.0,68,60,53,68.0,103.0,118.0,93.0,71.0,51.0,78.0,106.0,111.0,91.0,89.0,64.0
,1.0,30.0,jueves,2025.0,7.0,24.0,31,19.0,9.0,12.0,7.0,18.0,29.0,87.0,76.0,75,62,67,66.0,91.0,108.0,87.0,91.0,58.0,93.0,108.0,92.0,73.0,82.0,45.0
,1.0,30.0,viernes,2025.0,7.0,25.0,26,15.0,11.0,6.0,7.0,17.0,37.0,67.0,68.0,74,43,36,66.0,79.0,127.0,81.0,70.0,57.0,68.0,81.0,90.0,91.0,82.0,51.0
,1.0,30.0,sábado,2025.0,7.0,26.0,25,18.0,16.0,11.0,13.0,17.0,23.0,26.0,40.0,61,46,50,61.0,69.0,61.0,74.0,39.0,26.0,51.0,82.0,70.0,85.0,71.0,55.0
,1.0,30.0,domingo,2025.0,7.0,27.0,49,19.0,20.0,9.0,5.0,6.0,15.0,23.0,30.0,27,35,43,51.0,56.0,58.0,58.0,34.0,43.0,42.0,55.0,72.0,83.0,77.0,48.0
,1.0,31.0,lunes,2025.0,7.0,28.0,30,12.0,10.0,4.0,9.0,10.0,25.0,74.0,60.0,63,52,70,55.0,76.0,105.0,74.0,85.0,74.0,93.0,97.0,83.0,65.0,74.0,55.0
,1.0,31.0,martes,2025.0,7.0,29.0,19,13.0,5.0,4.0,6.0,20.0,33.0,77.0,65.0,63,63,45,51.0,88.0,100.0,95.0,80.0,83.0,96.0,110.0,112.0,84.0,86.0,55.0
,1.0,31.0,miércoles,2025.0,7.0,30.0,28,21.0,3.0,5.0,8.0,23.0,34.0,80.0,73.0,61,59,70,62.0,76.0,113.0,97.0,83.0,65.0,70.0,99.0,99.0,111.0,84.0,68.0
,1.0,31.0,jueves,2025.0,7.0,31.0,34,24.0,4.0,7.0,6.0,22.0,30.0,89.0,65.0,71,61,59,63.0,100.0,108.0,93.0,85.0,63.0,54.0,76.0,83.0,89.0,83.0,74.0
,1.0,31.0,viernes,2025.0,8.0,1.0,32,24.0,6.0,8.0,7.0,20.0,25.0,85.0,56.0,57,49,73,64.0,66.0,109.0,94.0,63.0,63.0,71.0,92.0,91.0,88.0,96.0,69.0
,1.0,31.0,sábado,2025.0,8.0,2.0,45,29.0,6.0,9.0,7.0,15.0,19.0,41.0,34.0,55,57,61,78.0,69.0,68.0,52.0,36.0,49.0,65.0,57.0,65.0,63.0,78.0,46.0
,1.0,31.0,domingo,2025.0,8.0,3.0,31,19.0,12.0,5.0,5.0,8.0,7.0,23.0,21.0,26,36,39,67.0,68.0,67.0,58.0,44.0,30.0,46.0,64.0,64.0,67.0,67.0,54.0
,1.0,32.0,lunes,2025.0,8.0,4.0,28,10.0,9.0,8.0,10.0,21.0,19.0,67.0,71.0,45,61,55,68.0,71.0,88.0,87.0,72.0,58.0,48.0,64.0,72.0,62.0,49.0,40.0
,1.0,32.0,martes,2025.0,8.0,5.0,28,8.0,9.0,5.0,5.0,20.0,28.0,78.0,63.0,64,53,71,66.0,77.0,96.0,84.0,76.0,60.0,55.0,68.0,94.0,73.0,81.0,55.0
,1.0,32.0,miércoles,2025.0,8.0,6.0,26,15.0,10.0,4.0,6.0,20.0,37.0,73.0,51.0,71,58,74,67.0,66.0,85.0,95.0,65.0,47.0,68.0,61.0,71.0,74.0,33.0,37.0
,1.0,32.0,jueves,2025.0,8.0,7.0,13,10.0,6.0,5.0,7.0,21.0,34.0,62.0,72.0,81,51,59,72.0,67.0,88.0,65.0,66.0,61.0,73.0,67.0,63.0,44.0,24.0,14.0
,1.0,32.0,viernes,2025.0,8.0,8.0,23,14.0,4.0,6.0,12.0,22.0,23.0,70.0,53.0,59,53,65,57.0,69.0,101.0,79.0,51.0,51.0,53.0,62.0,51.0,13.0,25.0,38.0
,1.0,32.0,sábado,2025.0,8.0,9.0,40,26.0,14.0,7.0,4.0,19.0,23.0,33.0,43.0,46,45,56,62.0,59.0,90.0,46.0,37.0,30.0,41.0,47.0,13.0,20.0,14.0,24.0
,1.0,32.0,domingo,2025.0,8.0,10.0,8,24.0,28.0,8.0,8.0,7.0,10.0,35.0,27.0,28,54,70,38.0,51.0,67.0,42.0,36.0,30.0,38.0,49.0,37.0,45.0,29.0,6.0
,1.0,33.0,lunes,2025.0,8.0,11.0,7,7.0,8.0,7.0,12.0,14.0,24.0,24.0,20.0,23,47,43,62.0,63.0,73.0,69.0,44.0,40.0,47.0,58.0,50.0,33.0,26.0,16.0
,1.0,33.0,martes,2025.0,8.0,12.0,13,7.0,1.0,8.0,9.0,24.0,33.0,66.0,54.0,57,46,57,45.0,53.0,84.0,64.0,50.0,60.0,41.0,61.0,68.0,79.0,53.0,34.0
,1.0,33.0,miércoles,2025.0,8.0,13.0,9,14.0,13.0,4.0,11.0,28.0,32.0,82.0,60.0,47,52,53,54.0,66.0,77.0,87.0,56.0,62.0,81.0,82.0,73.0,76.0,67.0,42.0
,1.0,33.0,jueves,2025.0,8.0,14.0,35,19.0,7.0,11.0,18.0,22.0,33.0,68.0,63.0,60,47,48,64.0,75.0,59.0,68.0,62.0,40.0,40.0,36.0,38.0,34.0,27.0,38.0
,1.0,33.0,viernes,2025.0,8.0,15.0,27,15.0,9.0,9.0,10.0,3.0,15.0,29.0,31.0,38,40,43,56.0,48.0,68.0,50.0,55.0,34.0,38.0,33.0,34.0,27.0,18.0,22.0
,1.0,33.0,sábado,2025.0,8.0,16.0,11,17.0,10.0,11.0,3.0,12.0,17.0,28.0,37.0,40,40,59,50.0,57.0,53.0,45.0,35.0,30.0,24.0,41.0,47.0,39.0,29.0,28.0
,1.0,33.0,domingo,2025.0,8.0,17.0,24,13.0,10.0,7.0,3.0,7.0,11.0,19.0,26.0,32,35,40,53.0,45.0,52.0,45.0,26.0,10.0,35.0,55.0,43.0,33.0,21.0,22.0
,1.0,34.0,lunes,2025.0,8.0,18.0,13,13.0,4.0,5.0,7.0,15.0,26.0,77.0,49.0,52,48,46,70.0,64.0,78.0,82.0,69.0,78.0,64.0,77.0,67.0,43.0,39.0,35.0
,1.0,34.0,martes,2025.0,8.0,19.0,21,12.0,3.0,5.0,9.0,13.0,32.0,64.0,48.0,42,40,44,19.0,52.0,71.0,79.0,77.0,36.0,62.0,62.0,81.0,76.0,56.0,54.0
,1.0,34.0,miércoles,2025.0,8.0,20.0,19,13.0,12.0,6.0,5.0,23.0,30.0,64.0,52.0,47,56,61,51.0,63.0,85.0,72.0,68.0,82.0,88.0,78.0,77.0,88.0,78.0,67.0
,1.0,34.0,jueves,2025.0,8.0,21.0,16,24.0,5.0,10.0,9.0,18.0,27.0,62.0,58.0,58,54,63,61.0,70.0,92.0,89.0,73.0,65.0,52.0,94.0,79.0,71.0,89.0,46.0
,1.0,34.0,viernes,2025.0,8.0,22.0,43,15.0,10.0,1.0,11.0,18.0,35.0,72.0,53.0,59,51,54,66.0,73.0,85.0,87.0,71.0,60.0,63.0,85.0,77.0,84.0,83.0,57.0
,1.0,34.0,sábado,2025.0,8.0,23.0,32,26.0,19.0,6.0,7.0,14.0,16.0,39.0,48.0,40,65,52,65.0,69.0,78.0,52.0,46.0,61.0,66.0,73.0,67.0,73.0,72.0,52.0
,1.0,34.0,domingo,2025.0,8.0,24.0,54,29.0,12.0,17.0,8.0,4.0,10.0,21.0,36.0,34,42,64,64.0,55.0,67.0,47.0,36.0,46.0,53.0,62.0,61.0,56.0,52.0,57.0
,1.0,35.0,lunes,2025.0,8.0,25.0,22,14.0,6.0,5.0,7.0,17.0,26.0,64.0,56.0,69,46,53,48.0,56.0,30.0,55.0,97.0,86.0,75.0,101.0,100.0,95.0,53.0,36.0
,1.0,35.0,martes,2025.0,8.0,26.0,22,17.0,7.0,7.0,10.0,18.0,35.0,79.0,59.0,46,41,57,69.0,77.0,80.0,95.0,89.0,74.0,64.0,57.0,70.0,87.0,66.0,42.0
,1.0,35.0,miércoles,2025.0,8.0,27.0,22,14.0,6.0,7.0,9.0,17.0,33.0,66.0,58.0,44,41,44,32.0,21.0,18.0,41.0,60.0,49.0,37.0,70.0,83.0,81.0,74.0,36.0
,1.0,35.0,jueves,2025.0,8.0,28.0,28,18.0,6.0,6.0,9.0,16.0,33.0,79.0,64.0,64,70,59,56.0,78.0,82.0,72.0,96.0,69.0,87.0,95.0,98.0,104.0,73.0,42.0
,1.0,35.0,viernes,2025.0,8.0,29.0,35,21.0,11.0,10.0,13.0,17.0,38.0,81.0,59.0,71,57,68,70.0,102.0,91.0,92.0,80.0,57.0,73.0,117.0,97.0,84.0,72.0,51.0
,1.0,35.0,sábado,2025.0,8.0,30.0,48,25.0,12.0,8.0,10.0,16.0,22.0,35.0,43.0,51,48,75,87.0,80.0,87.0,64.0,69.0,70.0,91.0,94.0,85.0,102.0,74.0,69.0
,1.0,35.0,domingo,2025.0,8.0,31.0,41,38.0,6.0,6.0,9.0,8.0,16.0,20.0,33.0,37,37,59,74.0,76.0,69.0,58.0,48.0,55.0,41.0,50.0,84.0,86.0,73.0,64.0
,1.0,36.0,lunes,2025.0,9.0,1.0,39,19.0,9.0,6.0,9.0,18.0,31.0,65.0,70.0,65,64,63,78.0,118.0,115.0,119.0,96.0,93.0,97.0,128.0,101.0,78.0,84.0,55.0
,1.0,36.0,martes,2025.0,9.0,2.0,29,15.0,6.0,2.0,13.0,22.0,34.0,87.0,77.0,81,62,84,73.0,103.0,130.0,126.0,106.0,98.0,104.0,121.0,110.0,92.0,97.0,70.0
,1.0,36.0,miércoles,2025.0,9.0,3.0,36,14.0,8.0,5.0,8.0,25.0,39.0,82.0,92.0,81,57,68,70.0,124.0,116.0,136.0,98.0,122.0,105.0,139.0,122.0,96.0,81.0,60.0
,1.0,36.0,jueves,2025.0,9.0,4.0,35,15.0,7.0,4.0,12.0,21.0,23.0,86.0,98.0,71,77,79,73.0,99.0,123.0,104.0,108.0,111.0,122.0,122.0,115.0,93.0,92.0,66.0
,1.0,36.0,viernes,2025.0,9.0,5.0,34,22.0,6.0,5.0,21.0,24.0,31.0,84.0,86.0,104,58,72,87.0,104.0,141.0,113.0,80.0,84.0,112.0,98.0,99.0,113.0,87.0,61.0
,1.0,36.0,sábado,2025.0,9.0,6.0,37,41.0,27.0,16.0,24.0,18.0,15.0,26.0,55.0,55,62,75,75.0,94.0,91.0,70.0,62.0,57.0,66.0,89.0,67.0,87.0,80.0,76.0
,1.0,36.0,domingo,2025.0,9.0,7.0,46,46.0,24.0,24.0,22.0,14.0,9.0,16.0,27.0,44,39,71,69.0,78.0,92.0,53.0,29.0,33.0,42.0,57.0,86.0,73.0,78.0,44.0
,1.0,37.0,lunes,2025.0,9.0,8.0,26,18.0,12.0,7.0,9.0,22.0,43.0,79.0,93.0,89,78,65,95.0,101.0,128.0,105.0,98.0,93.0,130.0,141.0,106.0,84.0,79.0,52.0
,1.0,37.0,martes,2025.0,9.0,9.0,22,12.0,8.0,5.0,12.0,17.0,37.0,100.0,83.0,84,77,85,78.0,122.0,129.0,113.0,115.0,109.0,127.0,132.0,142.0,96.0,85.0,53.0
,1.0,37.0,miércoles,2025.0,9.0,10.0,30,13.0,14.0,7.0,8.0,15.0,44.0,109.0,95.0,84,66,70,93.0,122.0,153.0,126.0,94.0,118.0,136.0,139.0,136.0,100.0,75.0,58.0
,1.0,37.0,jueves,2025.0,9.0,11.0,30,11.0,9.0,5.0,10.0,18.0,31.0,92.0,95.0,83,63,83,89.0,100.0,144.0,122.0,106.0,122.0,122.0,127.0,119.0,101.0,85.0,58.0
,1.0,37.0,viernes,2025.0,9.0,12.0,30,18.0,7.0,8.0,14.0,17.0,34.0,89.0,82.0,85,76,63,89.0,86.0,147.0,135.0,105.0,91.0,98.0,140.0,138.0,96.0,71.0,71.0
,1.0,37.0,sábado,2025.0,9.0,13.0,51,30.0,27.0,12.0,9.0,16.0,16.0,30.0,58.0,51,69,94,84.0,94.0,79.0,80.0,72.0,74.0,68.0,100.0,103.0,76.0,67.0,70.0
,1.0,37.0,domingo,2025.0,9.0,14.0,50,33.0,27.0,15.0,9.0,7.0,7.0,25.0,41.0,30,48,51,77.0,83.0,79.0,83.0,61.0,63.0,71.0,86.0,93.0,91.0,79.0,67.0
,1.0,38.0,lunes,2025.0,9.0,15.0,27,14.0,6.0,5.0,6.0,20.0,37.0,106.0,83.0,81,87,61,90.0,92.0,125.0,123.0,132.0,104.0,127.0,141.0,137.0,118.0,78.0,64.0
,1.0,38.0,martes,2025.0,9.0,16.0,25,11.0,1.0,5.0,7.0,26.0,46.0,103.0,100.0,94,61,62,88.0,111.0,120.0,137.0,135.0,115.0,112.0,148.0,101.0,95.0,73.0,53.0
,1.0,38.0,miércoles,2025.0,9.0,17.0,14,14.0,6.0,7.0,5.0,20.0,44.0,88.0,72.0,108,59,74,74.0,119.0,146.0,118.0,113.0,125.0,111.0,120.0,141.0,91.0,86.0,46.0
,1.0,38.0,jueves,2025.0,9.0,18.0,27,15.0,2.0,9.0,6.0,16.0,30.0,99.0,75.0,82,72,65,82.0,115.0,112.0,104.0,133.0,122.0,109.0,163.0,140.0,116.0,87.0,56.0
,1.0,38.0,viernes,2025.0,9.0,19.0,29,11.0,6.0,11.0,7.0,21.0,32.0,97.0,86.0,84,66,49,76.0,100.0,128.0,119.0,113.0,87.0,115.0,138.0,116.0,103.0,72.0,64.0
,1.0,38.0,sábado,2025.0,9.0,20.0,45,32.0,12.0,8.0,15.0,21.0,23.0,28.0,48.0,39,60,51,69.0,87.0,77.0,73.0,64.0,60.0,99.0,96.0,74.0,78.0,26.0,46.0
,1.0,38.0,domingo,2025.0,9.0,21.0,41,21.0,8.0,8.0,11.0,6.0,11.0,23.0,39.0,45,49,48,67.0,57.0,94.0,65.0,64.0,58.0,73.0,100.0,93.0,95.0,81.0,50.0
,1.0,39.0,lunes,2025.0,9.0,22.0,24,8.0,6.0,6.0,4.0,18.0,44.0,92.0,97.0,86,61,64,84.0,91.0,149.0,126.0,108.0,90.0,119.0,140.0,105.0,98.0,86.0,40.0
,1.0,39.0,martes,2025.0,9.0,23.0,23,13.0,2.0,8.0,10.0,14.0,36.0,93.0,87.0,78,58,62,90.0,112.0,111.0,125.0,103.0,92.0,116.0,141.0,105.0,94.0,86.0,50.0
,1.0,39.0,miércoles,2025.0,9.0,24.0,23,9.0,2.0,3.0,11.0,17.0,29.0,100.0,108.0,101,59,84,77.0,109.0,127.0,109.0,112.0,107.0,112.0,132.0,123.0,97.0,83.0,47.0
,1.0,39.0,jueves,2025.0,9.0,25.0,22,5.0,5.0,8.0,11.0,19.0,33.0,107.0,114.0,82,60,72,91.0,108.0,139.0,112.0,100.0,110.0,111.0,138.0,134.0,116.0,118.0,45.0
,1.0,39.0,viernes,2025.0,9.0,26.0,15,13.0,6.0,6.0,6.0,19.0,34.0,103.0,94.0,72,57,78,101.0,103.0,154.0,119.0,106.0,100.0,104.0,122.0,149.0,113.0,109.0,89.0
,1.0,39.0,sábado,2025.0,9.0,27.0,55,33.0,20.0,9.0,12.0,20.0,18.0,29.0,54.0,62,51,76,75.0,110.0,104.0,91.0,58.0,82.0,90.0,105.0,101.0,97.0,76.0,73.0
,1.0,39.0,domingo,2025.0,9.0,28.0,56,39.0,18.0,15.0,4.0,5.0,8.0,19.0,31.0,25,46,48,67.0,77.0,93.0,47.0,43.0,41.0,23.0,21.0,38.0,30.0,41.0,26.0
,1.0,40.0,lunes,2025.0,9.0,29.0,11,13.0,3.0,4.0,6.0,14.0,23.0,79.0,73.0,52,53,67,59.0,91.0,99.0,101.0,107.0,82.0,91.0,135.0,93.0,82.0,72.0,39.0
,1.0,40.0,martes,2025.0,9.0,30.0,25,11.0,5.0,7.0,6.0,21.0,40.0,102.0,85.0,83,72,65,75.0,78.0,128.0,121.0,114.0,104.0,113.0,159.0,126.0,128.0,83.0,68.0
,1.0,40.0,miércoles,2025.0,10.0,1.0,,,,,,,,,,,,,,,,,,,,,,,,
,1.0,40.0,jueves,2025.0,10.0,2.0,,,,,,,,,,,,,,,,,,,,,,,,
,1.0,40.0,viernes,2025.0,10.0,3.0,,,,,,,,,,,,,,,,,,,,,,,,
,1.0,40.0,sábado,2025.0,10.0,4.0,,,,,,,,,,,,,,,,,,,,,,,,
,1.0,40.0,domingo,2025.0,10.0,5.0,,,,,,,,,,,,,,,,,,,,,,,,
,1.0,41.0,lunes,2025.0,10.0,6.0,,,,,,,,,,,,,,,,,,,,,,,,
,1.0,41.0,martes,2025.0,10.0,7.0,,,,,,,,,,,,,,,,,,,,,,,,
,1.0,41.0,miércoles,2025.0,10.0,8.0,,,,,,,,,,,,,,,,,,,,,,,,
,1.0,41.0,jueves,2025.0,10.0,9.0,,,,,,,,,,,,,,,,,,,,,,,,
,1.0,41.0,viernes,2025.0,10.0,10.0,,,,,,,,,,,,,,,,,,,,,,,,
,1.0,41.0,sábado,2025.0,10.0,11.0,,,,,,,,,,,,,,,,,,,,,,,,
,1.0,41.0,domingo,2025.0,10.0,12.0,,,,,,,,,,,,,,,,,,,,,,,,
,1.0,42.0,lunes,2025.0,10.0,13.0,,,,,,,,,,,,,,,,,,,,,,,,
,1.0,42.0,martes,2025.0,10.0,14.0,,,,,,,,,,,,,,,,,,,,,,,,
,1.0,42.0,miércoles,2025.0,10.0,15.0,,,,,,,,,,,,,,,,,,,,,,,,
,1.0,42.0,jueves,2025.0,10.0,16.0,,,,,,,,,,,,,,,,,,,,,,,,
,1.0,42.0,viernes,2025.0,10.0,17.0,,,,,,,,,,,,,,,,,,,,,,,,
,1.0,42.0,sábado,2025.0,10.0,18.0,,,,,,,,,,,,,,,,,,,,,,,,
,1.0,42.0,domingo,2025.0,10.0,19.0,,,,,,,,,,,,,,,,,,,,,,,,
,1.0,43.0,lunes,2025.0,10.0,20.0,,,,,,,,,,,,,,,,,,,,,,,,
,1.0,43.0,martes,2025.0,10.0,21.0,,,,,,,,,,,,,,,,,,,,,,,,
,1.0,43.0,miércoles,2025.0,10.0,22.0,,,,,,,,,,,,,,,,,,,,,,,,
,1.0,43.0,jueves,2025.0,10.0,23.0,,,,,,,,,,,,,,,,,,,,,,,,
,1.0,43.0,viernes,2025.0,10.0,24.0,,,,,,,,,,,,,,,,,,,,,,,,
,1.0,43.0,sábado,2025.0,10.0,25.0,,,,,,,,,,,,,,,,,,,,,,,,
,1.0,43.0,domingo,2025.0,10.0,26.0,,,,,,,,,,,,,,,,,,,,,,,,
,1.0,44.0,lunes,2025.0,10.0,27.0,,,,,,,,,,,,,,,,,,,,,,,,
,1.0,44.0,martes,2025.0,10.0,28.0,,,,,,,,,,,,,,,,,,,,,,,,
,1.0,44.0,miércoles,2025.0,10.0,29.0,,,,,,,,,,,,,,,,,,,,,,,,
,1.0,44.0,jueves,2025.0,10.0,30.0,,,,,,,,,,,,,,,,,,,,,,,,
,1.0,44.0,viernes,2025.0,10.0,31.0,,,,,,,,,,,,,,,,,,,,,,,,
,1.0,44.0,sábado,2025.0,11.0,1.0,,,,,,,,,,,,,,,,,,,,,,,,
,1.0,44.0,domingo,2025.0,11.0,2.0,,,,,,,,,,,,,,,,,,,,,,,,
,1.0,45.0,lunes,2025.0,11.0,3.0,,,,,,,,,,,,,,,,,,,,,,,,
,1.0,45.0,martes,2025.0,11.0,4.0,,,,,,,,,,,,,,,,,,,,,,,,
,1.0,45.0,miércoles,2025.0,11.0,5.0,,,,,,,,,,,,,,,,,,,,,,,,
,1.0,45.0,jueves,2025.0,11.0,6.0,,,,,,,,,,,,,,,,,,,,,,,,
,1.0,45.0,viernes,2025.0,11.0,7.0,,,,,,,,,,,,,,,,,,,,,,,,
,1.0,45.0,sábado,2025.0,11.0,8.0,,,,,,,,,,,,,,,,,,,,,,,,
,1.0,45.0,domingo,2025.0,11.0,9.0,,,,,,,,,,,,,,,,,,,,,,,,
,1.0,46.0,lunes,2025.0,11.0,10.0,,,,,,,,,,,,,,,,,,,,,,,,
,1.0,46.0,martes,2025.0,11.0,11.0,,,,,,,,,,,,,,,,,,,,,,,,
,1.0,46.0,miércoles,2025.0,11.0,12.0,,,,,,,,,,,,,,,,,,,,,,,,
,1.0,46.0,jueves,2025.0,11.0,13.0,,,,,,,,,,,,,,,,,,,,,,,,
,1.0,46.0,viernes,2025.0,11.0,14.0,,,,,,,,,,,,,,,,,,,,,,,,
,1.0,46.0,sábado,2025.0,11.0,15.0,,,,,,,,,,,,,,,,,,,,,,,,
,1.0,46.0,domingo,2025.0,11.0,16.0,,,,,,,,,,,,,,,,,,,,,,,,
,1.0,47.0,lunes,2025.0,11.0,17.0,,,,,,,,,,,,,,,,,,,,,,,,
,1.0,47.0,martes,2025.0,11.0,18.0,,,,,,,,,,,,,,,,,,,,,,,,
,1.0,47.0,miércoles,2025.0,11.0,19.0,,,,,,,,,,,,,,,,,,,,,,,,
,1.0,47.0,jueves,2025.0,11.0,20.0,,,,,,,,,,,,,,,,,,,,,,,,
,1.0,47.0,viernes,2025.0,11.0,21.0,,,,,,,,,,,,,,,,,,,,,,,,
,1.0,47.0,sábado,2025.0,11.0,22.0,,,,,,,,,,,,,,,,,,,,,,,,
,1.0,47.0,domingo,2025.0,11.0,23.0,,,,,,,,,,,,,,,,,,,,,,,,
,1.0,48.0,lunes,2025.0,11.0,24.0,,,,,,,,,,,,,,,,,,,,,,,,
,1.0,48.0,martes,2025.0,11.0,25.0,,,,,,,,,,,,,,,,,,,,,,,,
,1.0,48.0,miércoles,2025.0,11.0,26.0,,,,,,,,,,,,,,,,,,,,,,,,
,1.0,48.0,jueves,2025.0,11.0,27.0,,,,,,,,,,,,,,,,,,,,,,,,
,1.0,48.0,viernes,2025.0,11.0,28.0,,,,,,,,,,,,,,,,,,,,,,,,
,1.0,48.0,sábado,2025.0,11.0,29.0,,,,,,,,,,,,,,,,,,,,,,,,
,1.0,48.0,domingo,2025.0,11.0,30.0,,,,,,,,,,,,,,,,,,,,,,,,
,1.0,49.0,lunes,2025.0,12.0,1.0,,,,,,,,,,,,,,,,,,,,,,,,
,1.0,49.0,martes,2025.0,12.0,2.0,,,,,,,,,,,,,,,,,,,,,,,,
,1.0,49.0,miércoles,2025.0,12.0,3.0,,,,,,,,,,,,,,,,,,,,,,,,
,1.0,49.0,jueves,2025.0,12.0,4.0,,,,,,,,,,,,,,,,,,,,,,,,
,1.0,49.0,viernes,2025.0,12.0,5.0,,,,,,,,,,,,,,,,,,,,,,,,
,1.0,49.0,sábado,2025.0,12.0,6.0,,,,,,,,,,,,,,,,,,,,,,,,
,1.0,49.0,domingo,2025.0,12.0,7.0,,,,,,,,,,,,,,,,,,,,,,,,
,1.0,50.0,lunes,2025.0,12.0,8.0,,,,,,,,,,,,,,,,,,,,,,,,
,1.0,50.0,martes,2025.0,12.0,9.0,,,,,,,,,,,,,,,,,,,,,,,,
,1.0,50.0,miércoles,2025.0,12.0,10.0,,,,,,,,,,,,,,,,,,,,,,,,
,1.0,50.0,jueves,2025.0,12.0,11.0,,,,,,,,,,,,,,,,,,,,,,,,
,1.0,50.0,viernes,2025.0,12.0,12.0,,,,,,,,,,,,,,,,,,,,,,,,
,1.0,50.0,sábado,2025.0,12.0,13.0,,,,,,,,,,,,,,,,,,,,,,,,
,1.0,50.0,domingo,2025.0,12.0,14.0,,,,,,,,,,,,,,,,,,,,,,,,
,1.0,51.0,lunes,2025.0,12.0,15.0,,,,,,,,,,,,,,,,,,,,,,,,
,1.0,51.0,martes,2025.0,12.0,16.0,,,,,,,,,,,,,,,,,,,,,,,,
,1.0,51.0,miércoles,2025.0,12.0,17.0,,,,,,,,,,,,,,,,,,,,,,,,
,1.0,51.0,jueves,2025.0,12.0,18.0,,,,,,,,,,,,,,,,,,,,,,,,
,1.0,51.0,viernes,2025.0,12.0,19.0,,,,,,,,,,,,,,,,,,,,,,,,
,1.0,51.0,sábado,2025.0,12.0,20.0,,,,,,,,,,,,,,,,,,,,,,,,
,1.0,51.0,domingo,2025.0,12.0,21.0,,,,,,,,,,,,,,,,,,,,,,,,
,1.0,52.0,lunes,2025.0,12.0,22.0,,,,,,,,,,,,,,,,,,,,,,,,
,1.0,52.0,martes,2025.0,12.0,23.0,,,,,,,,,,,,,,,,,,,,,,,,
,1.0,52.0,miércoles,2025.0,12.0,24.0,,,,,,,,,,,,,,,,,,,,,,,,
,1.0,52.0,jueves,2025.0,12.0,25.0,,,,,,,,,,,,,,,,,,,,,,,,
,1.0,52.0,viernes,2025.0,12.0,26.0,,,,,,,,,,,,,,,,,,,,,,,,
,1.0,52.0,sábado,2025.0,12.0,27.0,,,,,,,,,,,,,,,,,,,,,,,,
,1.0,52.0,domingo,2025.0,12.0,28.0,,,,,,,,,,,,,,,,,,,,,,,,
,1.0,53.0,lunes,2025.0,12.0,29.0,,,,,,,,,,,,,,,,,,,,,,,,
,1.0,53.0,martes,2025.0,12.0,30.0,,,,,,,,,,,,,,,,,,,,,,,,
,1.0,53.0,miércoles,2025.0,12.0,31.0,,,,,,,,,,,,,,,,,,,,,,,,
,1.0,53.0,jueves,2025.0,,,,,,,,,,,,,,,,,,,,,,,,,,
,1.0,53.0,viernes,2025.0,,,,,,,,,,,,,,,,,,,,,,,,,,
,1.0,53.0,sábado,2025.0,,,,,,,,,,,,,,,,,,,,,,,,,,
,1.0,53.0,domingo,2025.0,,,,,,,,,,,,,,,,,,,,,,,,,,
,,,lunes,2025.0,,,,,,,,,,,,,,,,,,,,,,,,,,
,,,martes,2025.0,,,,,,,,,,,,,,,,,,,,,,,,,,
,,,,,,,,,,,,,,,,,,,,,,,,,,,,,,
,,,,,,,,,,,,,,,,,,,,,,,,,,,,,,
,,,,,,,Sentido Avda. Valencia ( veh/hora),,,,,,,,,,,,,,,,,,,,,,,
,,,,,,,,,,,,,,,,,,,,,,,,,,,,,,
,,,,,,,,,,,,,,,,,,,,,,,,,,,,,,
,2.0,1.0,lunes,2025.0,,,,,,,,,,,,,,,,,,,,,,,,,,
,2.0,1.0,martes,2025.0,,,,,,,,,,,,,,,,,,,,,,,,,,
,2.0,1.0,miércoles,2025.0,1.0,1.0,12,14.0,4.0,5.0,4.0,7.0,4.0,6.0,6.0,5,5,11,9.0,20.0,17.0,22.0,14.0,27.0,27.0,10.0,21.0,25.0,7.0,25.0
,2.0,1.0,jueves,2025.0,1.0,2.0,13,4.0,3.0,1.0,2.0,6.0,10.0,12.0,25.0,32,12,15,29.0,46.0,37.0,54.0,46.0,34.0,33.0,27.0,61.0,47.0,46.0,21.0
,2.0,1.0,viernes,2025.0,1.0,3.0,28,5.0,5.0,1.0,4.0,9.0,11.0,20.0,29.0,34,21,29,29.0,47.0,46.0,54.0,57.0,39.0,30.0,49.0,40.0,52.0,65.0,53.0
,2.0,1.0,sábado,2025.0,1.0,4.0,38,16.0,6.0,1.0,5.0,6.0,6.0,7.0,27.0,28,29,9,39.0,44.0,64.0,20.0,54.0,30.0,36.0,40.0,44.0,64.0,59.0,51.0
,2.0,1.0,domingo,2025.0,1.0,5.0,39,15.0,9.0,5.0,3.0,6.0,9.0,6.0,9.0,26,29,20,23.0,30.0,51.0,25.0,25.0,49.0,32.0,35.0,38.0,59.0,56.0,47.0
,2.0,2.0,lunes,2025.0,1.0,6.0,20,19.0,13.0,3.0,3.0,4.0,4.0,8.0,13.0,13,22,11,22.0,19.0,33.0,26.0,30.0,30.0,20.0,45.0,59.0,70.0,67.0,39.0
,2.0,2.0,martes,2025.0,1.0,7.0,16,8.0,3.0,1.0,4.0,8.0,8.0,32.0,46.0,24,19,25,39.0,60.0,40.0,46.0,58.0,50.0,65.0,67.0,79.0,93.0,43.0,43.0
,2.0,2.0,miércoles,2025.0,1.0,8.0,20,4.0,2.0,1.0,6.0,4.0,13.0,54.0,56.0,44,34,30,32.0,40.0,66.0,83.0,71.0,48.0,65.0,31.0,94.0,26.0,29.0,52.0
,2.0,2.0,jueves,2025.0,1.0,9.0,12,6.0,2.0,2.0,14.0,8.0,12.0,50.0,49.0,44,37,18,20.0,38.0,80.0,73.0,71.0,61.0,51.0,39.0,59.0,63.0,71.0,54.0
,2.0,2.0,viernes,2025.0,1.0,10.0,18,7.0,4.0,1.0,5.0,6.0,14.0,45.0,51.0,41,33,15,26.0,66.0,71.0,84.0,57.0,49.0,27.0,71.0,93.0,79.0,85.0,71.0
,2.0,2.0,sábado,2025.0,1.0,11.0,28,29.0,3.0,6.0,3.0,9.0,12.0,16.0,27.0,44,27,12,37.0,61.0,80.0,53.0,49.0,39.0,23.0,35.0,28.0,34.0,43.0,49.0
,2.0,2.0,domingo,2025.0,1.0,12.0,35,24.0,16.0,5.0,3.0,7.0,8.0,5.0,13.0,21,21,26,31.0,48.0,49.0,46.0,43.0,43.0,30.0,36.0,44.0,62.0,51.0,48.0
,2.0,3.0,lunes,2025.0,1.0,13.0,14,5.0,5.0,1.0,5.0,12.0,13.0,45.0,38.0,48,27,37,19.0,36.0,75.0,57.0,38.0,55.0,43.0,81.0,59.0,72.0,55.0,31.0
,2.0,3.0,martes,2025.0,1.0,14.0,6,6.0,3.0,1.0,5.0,11.0,16.0,45.0,60.0,55,17,29,47.0,34.0,66.0,63.0,56.0,62.0,50.0,54.0,79.0,69.0,63.0,39.0
,2.0,3.0,miércoles,2025.0,1.0,15.0,17,4.0,1.0,0.0,8.0,12.0,23.0,43.0,65.0,60,29,31,40.0,63.0,91.0,55.0,57.0,54.0,80.0,45.0,90.0,92.0,36.0,29.0
,2.0,3.0,jueves,2025.0,1.0,16.0,10,4.0,3.0,0.0,10.0,10.0,17.0,44.0,51.0,43,26,28,61.0,46.0,72.0,61.0,57.0,86.0,51.0,62.0,78.0,83.0,75.0,41.0
,2.0,3.0,viernes,2025.0,1.0,17.0,22,6.0,3.0,1.0,10.0,10.0,3.0,30.0,67.0,44,24,12,55.0,56.0,97.0,96.0,73.0,49.0,48.0,39.0,102.0,78.0,81.0,55.0
,2.0,3.0,sábado,2025.0,1.0,18.0,36,30.0,10.0,7.0,14.0,12.0,7.0,13.0,29.0,19,34,31,42.0,47.0,71.0,55.0,52.0,44.0,28.0,45.0,56.0,73.0,36.0,41.0
,2.0,3.0,domingo,2025.0,1.0,19.0,19,27.0,7.0,6.0,3.0,4.0,6.0,7.0,19.0,13,30,22,16.0,68.0,61.0,46.0,69.0,40.0,44.0,62.0,76.0,79.0,81.0,43.0
,2.0,4.0,lunes,2025.0,1.0,20.0,8,5.0,2.0,0.0,5.0,8.0,12.0,30.0,31.0,38,32,36,37.0,57.0,78.0,85.0,54.0,61.0,47.0,86.0,86.0,56.0,50.0,14.0
,2.0,4.0,martes,2025.0,1.0,21.0,15,5.0,6.0,0.0,8.0,14.0,17.0,57.0,67.0,38,21,27,39.0,60.0,99.0,64.0,36.0,45.0,70.0,49.0,41.0,61.0,66.0,36.0
,2.0,4.0,miércoles,2025.0,1.0,22.0,18,5.0,0.0,2.0,3.0,15.0,16.0,54.0,67.0,64,21,27,40.0,63.0,85.0,62.0,54.0,55.0,60.0,79.0,81.0,95.0,36.0,46.0
,2.0,4.0,jueves,2025.0,1.0,23.0,14,6.0,2.0,1.0,7.0,14.0,21.0,54.0,42.0,62,25,32,32.0,76.0,110.0,72.0,71.0,44.0,34.0,66.0,74.0,70.0,63.0,25.0
,2.0,4.0,viernes,2025.0,1.0,24.0,22,8.0,5.0,1.0,9.0,10.0,3.0,55.0,81.0,50,36,8,33.0,81.0,101.0,96.0,58.0,75.0,72.0,53.0,108.0,84.0,37.0,59.0
,2.0,4.0,sábado,2025.0,1.0,25.0,47,9.0,8.0,3.0,4.0,10.0,11.0,15.0,27.0,33,23,29,27.0,52.0,62.0,32.0,48.0,48.0,13.0,33.0,61.0,42.0,62.0,49.0
,2.0,4.0,domingo,2025.0,1.0,26.0,55,30.0,11.0,3.0,4.0,9.0,6.0,8.0,19.0,17,37,36,61.0,51.0,73.0,40.0,60.0,42.0,37.0,49.0,48.0,91.0,61.0,41.0
,2.0,5.0,lunes,2025.0,1.0,27.0,15,5.0,3.0,3.0,4.0,12.0,8.0,32.0,36.0,37,36,39,51.0,69.0,105.0,60.0,61.0,51.0,76.0,70.0,68.0,93.0,55.0,29.0
,2.0,5.0,martes,2025.0,1.0,28.0,11,3.0,1.0,1.0,9.0,17.0,11.0,36.0,81.0,35,28,28,44.0,25.0,49.0,80.0,80.0,72.0,55.0,68.0,67.0,98.0,54.0,33.0
,2.0,5.0,miércoles,2025.0,1.0,29.0,48,18.0,12.0,3.0,6.0,6.0,8.0,17.0,29.0,23,35,25,38.0,62.0,32.0,49.0,60.0,46.0,32.0,34.0,73.0,66.0,57.0,17.0
,2.0,5.0,jueves,2025.0,1.0,30.0,12,13.0,2.0,0.0,7.0,13.0,20.0,48.0,74.0,43,21,47,47.0,54.0,76.0,58.0,56.0,54.0,29.0,57.0,78.0,63.0,38.0,38.0
,2.0,5.0,viernes,2025.0,1.0,31.0,4,13.0,5.0,3.0,8.0,10.0,12.0,30.0,47.0,50,54,40,19.0,81.0,119.0,98.0,54.0,65.0,33.0,54.0,76.0,83.0,80.0,71.0
,2.0,5.0,sábado,2025.0,2.0,1.0,29,17.0,9.0,2.0,10.0,11.0,9.0,15.0,31.0,33,20,22,46.0,21.0,82.0,46.0,62.0,52.0,43.0,26.0,66.0,52.0,38.0,45.0
,2.0,5.0,domingo,2025.0,2.0,2.0,30,32.0,17.0,6.0,6.0,4.0,4.0,9.0,23.0,17,21,26,43.0,38.0,72.0,48.0,37.0,50.0,44.0,48.0,109.0,46.0,61.0,42.0
,2.0,6.0,lunes,2025.0,2.0,3.0,24,10.0,10.0,2.0,0.0,5.0,13.0,12.0,50.0,79,61,31,30.0,25.0,92.0,78.0,83.0,42.0,45.0,49.0,76.0,94.0,73.0,68.0
,2.0,6.0,martes,2025.0,2.0,4.0,21,5.0,5.0,5.0,3.0,5.0,8.0,22.0,33.0,74,39,23,20.0,34.0,94.0,56.0,91.0,44.0,38.0,86.0,96.0,49.0,54.0,48.0
,2.0,6.0,miércoles,2025.0,2.0,5.0,22,1.0,1.0,0.0,4.0,13.0,12.0,36.0,88.0,70,50,25,54.0,69.0,113.0,86.0,48.0,31.0,70.0,71.0,102.0,63.0,68.0,50.0
,2.0,6.0,jueves,2025.0,2.0,6.0,11,3.0,1.0,1.0,5.0,14.0,8.0,51.0,59.0,58,40,49,17.0,46.0,80.0,79.0,51.0,71.0,85.0,37.0,66.0,82.0,67.0,49.0
,2.0,6.0,viernes,2025.0,2.0,7.0,23,17.0,1.0,1.0,5.0,9.0,10.0,53.0,57.0,57,44,45,58.0,58.0,70.0,58.0,31.0,38.0,54.0,37.0,77.0,81.0,56.0,55.0
,2.0,6.0,sábado,2025.0,2.0,8.0,42,17.0,8.0,2.0,6.0,13.0,7.0,16.0,36.0,33,31,49,63.0,74.0,66.0,48.0,33.0,55.0,56.0,51.0,70.0,62.0,70.0,86.0
,2.0,6.0,domingo,2025.0,2.0,9.0,43,36.0,12.0,4.0,6.0,6.0,2.0,9.0,21.0,25,30,41,58.0,52.0,64.0,58.0,61.0,53.0,47.0,45.0,77.0,82.0,59.0,47.0
,2.0,7.0,lunes,2025.0,2.0,10.0,21,10.0,2.0,0.0,9.0,16.0,12.0,33.0,40.0,27,18,41,45.0,65.0,114.0,104.0,68.0,63.0,78.0,35.0,77.0,65.0,49.0,41.0
,2.0,7.0,martes,2025.0,2.0,11.0,21,5.0,1.0,2.0,9.0,13.0,23.0,54.0,49.0,37,23,33,29.0,68.0,109.0,78.0,92.0,64.0,58.0,58.0,86.0,73.0,59.0,13.0
,2.0,7.0,miércoles,2025.0,2.0,12.0,15,8.0,5.0,0.0,5.0,16.0,11.0,30.0,54.0,38,21,20,51.0,49.0,48.0,52.0,73.0,65.0,72.0,77.0,97.0,83.0,56.0,36.0
,2.0,7.0,jueves,2025.0,2.0,13.0,18,14.0,1.0,3.0,4.0,20.0,19.0,53.0,96.0,68,43,36,53.0,96.0,101.0,124.0,93.0,53.0,33.0,87.0,109.0,113.0,82.0,52.0
,2.0,7.0,viernes,2025.0,2.0,14.0,35,13.0,7.0,3.0,7.0,11.0,25.0,63.0,66.0,69,34,23,31.0,61.0,98.0,122.0,66.0,62.0,79.0,67.0,99.0,90.0,61.0,66.0
,2.0,7.0,sábado,2025.0,2.0,15.0,40,42.0,12.0,4.0,3.0,10.0,15.0,7.0,14.0,32,36,20,42.0,80.0,80.0,64.0,51.0,52.0,42.0,62.0,49.0,69.0,78.0,40.0
,2.0,7.0,domingo,2025.0,2.0,16.0,61,26.0,16.0,4.0,8.0,11.0,6.0,14.0,25.0,30,14,19,58.0,66.0,77.0,72.0,57.0,62.0,59.0,41.0,102.0,72.0,62.0,31.0
,2.0,8.0,lunes,2025.0,2.0,17.0,27,12.0,1.0,4.0,5.0,16.0,17.0,46.0,58.0,48,46,13,24.0,87.0,112.0,57.0,62.0,68.0,55.0,102.0,109.0,94.0,46.0,23.0
,2.0,8.0,martes,2025.0,2.0,18.0,16,3.0,3.0,3.0,4.0,13.0,19.0,49.0,69.0,34,48,35,52.0,39.0,113.0,74.0,92.0,75.0,91.0,68.0,20.0,85.0,72.0,22.0
,2.0,8.0,miércoles,2025.0,2.0,19.0,14,12.0,1.0,0.0,6.0,19.0,22.0,39.0,86.0,66,40,59,55.0,41.0,99.0,78.0,82.0,36.0,77.0,23.0,110.0,81.0,63.0,19.0
,2.0,8.0,jueves,2025.0,2.0,20.0,17,5.0,2.0,2.0,7.0,13.0,16.0,21.0,73.0,68,45,42,34.0,83.0,87.0,85.0,101.0,59.0,99.0,72.0,85.0,98.0,80.0,51.0
,2.0,8.0,viernes,2025.0,2.0,21.0,25,6.0,5.0,2.0,12.0,14.0,15.0,59.0,32.0,73,38,34,39.0,109.0,122.0,69.0,62.0,48.0,63.0,84.0,117.0,87.0,69.0,52.0
,2.0,8.0,sábado,2025.0,2.0,22.0,50,18.0,11.0,3.0,5.0,6.0,12.0,17.0,23.0,35,46,14,56.0,62.0,50.0,49.0,44.0,69.0,43.0,27.0,69.0,35.0,65.0,50.0
,2.0,8.0,domingo,2025.0,2.0,23.0,55,21.0,11.0,9.0,7.0,12.0,8.0,8.0,30.0,16,27,34,43.0,64.0,51.0,56.0,57.0,48.0,64.0,63.0,52.0,68.0,76.0,43.0
,2.0,9.0,lunes,2025.0,2.0,24.0,17,8.0,3.0,0.0,5.0,13.0,28.0,55.0,57.0,53,36,39,50.0,74.0,82.0,79.0,29.0,58.0,94.0,79.0,96.0,97.0,64.0,30.0
,2.0,9.0,martes,2025.0,2.0,25.0,16,5.0,2.0,1.0,5.0,13.0,26.0,38.0,68.0,56,39,40,44.0,77.0,80.0,58.0,81.0,42.0,53.0,47.0,103.0,102.0,67.0,22.0
,2.0,9.0,miércoles,2025.0,2.0,26.0,20,7.0,2.0,0.0,3.0,9.0,26.0,58.0,59.0,59,32,47,29.0,73.0,124.0,101.0,41.0,46.0,57.0,92.0,132.0,66.0,60.0,37.0
,2.0,9.0,jueves,2025.0,2.0,27.0,23,1.0,3.0,2.0,2.0,18.0,23.0,57.0,63.0,27,47,52,25.0,52.0,112.0,51.0,77.0,61.0,77.0,99.0,103.0,52.0,62.0,51.0
,2.0,9.0,viernes,2025.0,2.0,28.0,23,13.0,1.0,2.0,5.0,16.0,18.0,64.0,85.0,70,41,18,45.0,36.0,138.0,99.0,79.0,42.0,55.0,67.0,71.0,96.0,67.0,72.0
,2.0,9.0,sábado,2025.0,3.0,1.0,47,24.0,10.0,10.0,6.0,13.0,15.0,13.0,29.0,31,30,33,31.0,52.0,97.0,60.0,23.0,53.0,49.0,56.0,78.0,84.0,72.0,45.0
,2.0,9.0,domingo,2025.0,3.0,2.0,25,21.0,5.0,4.0,6.0,12.0,6.0,4.0,10.0,13,16,29,39.0,30.0,47.0,43.0,54.0,46.0,35.0,27.0,54.0,74.0,64.0,36.0
,2.0,10.0,lunes,2025.0,3.0,3.0,14,5.0,7.0,2.0,6.0,14.0,16.0,46.0,58.0,43,32,19,42.0,62.0,80.0,32.0,41.0,34.0,29.0,43.0,38.0,43.0,48.0,23.0
,2.0,10.0,martes,2025.0,3.0,4.0,11,9.0,1.0,4.0,3.0,15.0,21.0,45.0,70.0,60,33,47,11.0,60.0,74.0,96.0,57.0,60.0,106.0,81.0,114.0,88.0,88.0,19.0
,2.0,10.0,miércoles,2025.0,3.0,5.0,47,17.0,12.0,2.0,3.0,9.0,6.0,25.0,25.0,22,40,40,52.0,85.0,74.0,70.0,52.0,56.0,74.0,66.0,74.0,91.0,46.0,54.0
,2.0,10.0,jueves,2025.0,3.0,6.0,26,10.0,5.0,3.0,5.0,11.0,21.0,37.0,83.0,52,22,42,47.0,85.0,138.0,74.0,69.0,72.0,79.0,80.0,96.0,54.0,71.0,46.0
,2.0,10.0,viernes,2025.0,3.0,7.0,28,15.0,6.0,2.0,6.0,13.0,13.0,41.0,30.0,31,38,46,55.0,42.0,133.0,78.0,51.0,64.0,92.0,71.0,60.0,73.0,100.0,65.0
,2.0,10.0,sábado,2025.0,3.0,8.0,44,26.0,12.0,6.0,9.0,10.0,13.0,8.0,13.0,32,51,56,56.0,56.0,51.0,53.0,70.0,52.0,26.0,45.0,17.0,18.0,46.0,38.0
,2.0,10.0,domingo,2025.0,3.0,9.0,36,24.0,10.0,4.0,7.0,8.0,4.0,9.0,23.0,27,34,33,46.0,46.0,59.0,35.0,34.0,46.0,53.0,55.0,79.0,69.0,61.0,56.0
,2.0,11.0,lunes,2025.0,3.0,10.0,17,10.0,1.0,2.0,6.0,13.0,13.0,32.0,63.0,55,32,32,45.0,75.0,96.0,48.0,63.0,63.0,85.0,78.0,78.0,88.0,74.0,36.0
,2.0,11.0,martes,2025.0,3.0,11.0,10,3.0,4.0,3.0,6.0,13.0,20.0,47.0,71.0,45,28,20,25.0,59.0,67.0,50.0,63.0,47.0,85.0,59.0,82.0,84.0,55.0,34.0
,2.0,11.0,miércoles,2025.0,3.0,12.0,20,5.0,0.0,2.0,6.0,10.0,18.0,27.0,33.0,62,36,25,41.0,66.0,118.0,98.0,68.0,65.0,66.0,66.0,61.0,99.0,66.0,44.0
,2.0,11.0,jueves,2025.0,3.0,13.0,34,5.0,5.0,1.0,9.0,15.0,12.0,33.0,57.0,38,30,34,56.0,45.0,114.0,101.0,88.0,48.0,84.0,60.0,93.0,62.0,61.0,50.0
,2.0,11.0,viernes,2025.0,3.0,14.0,23,3.0,2.0,5.0,8.0,11.0,18.0,50.0,77.0,43,22,23,60.0,45.0,112.0,100.0,65.0,44.0,51.0,78.0,95.0,98.0,61.0,49.0
,2.0,11.0,sábado,2025.0,3.0,15.0,47,15.0,9.0,3.0,5.0,6.0,8.0,21.0,25.0,24,26,50,64.0,55.0,37.0,50.0,44.0,47.0,34.0,30.0,19.0,58.0,79.0,34.0
,2.0,11.0,domingo,2025.0,3.0,16.0,28,25.0,10.0,6.0,4.0,2.0,5.0,5.0,26.0,22,24,24,27.0,37.0,29.0,42.0,29.0,33.0,20.0,32.0,83.0,62.0,67.0,43.0
,2.0,12.0,lunes,2025.0,3.0,17.0,32,2.0,6.0,2.0,10.0,9.0,15.0,52.0,61.0,50,26,47,48.0,46.0,42.0,65.0,87.0,65.0,14.0,100.0,93.0,65.0,47.0,29.0
,2.0,12.0,martes,2025.0,3.0,18.0,16,9.0,2.0,0.0,4.0,11.0,20.0,46.0,42.0,42,35,35,25.0,32.0,55.0,70.0,76.0,32.0,43.0,34.0,44.0,56.0,35.0,31.0
,2.0,12.0,miércoles,2025.0,3.0,19.0,21,5.0,1.0,1.0,3.0,9.0,23.0,53.0,61.0,56,30,41,40.0,88.0,86.0,96.0,88.0,95.0,69.0,59.0,80.0,112.0,74.0,30.0
,2.0,12.0,jueves,2025.0,3.0,20.0,23,17.0,6.0,1.0,5.0,8.0,19.0,41.0,79.0,53,35,26,42.0,73.0,115.0,83.0,93.0,51.0,42.0,82.0,91.0,108.0,79.0,43.0
,2.0,12.0,viernes,2025.0,3.0,21.0,46,7.0,4.0,2.0,9.0,14.0,17.0,47.0,58.0,43,34,39,55.0,104.0,114.0,114.0,96.0,53.0,53.0,71.0,107.0,93.0,86.0,41.0
,2.0,12.0,sábado,2025.0,3.0,22.0,49,13.0,5.0,8.0,9.0,11.0,15.0,18.0,25.0,39,59,45,42.0,21.0,29.0,44.0,54.0,43.0,21.0,51.0,39.0,83.0,72.0,48.0
,2.0,12.0,domingo,2025.0,3.0,23.0,54,23.0,10.0,8.0,7.0,2.0,5.0,12.0,15.0,25,32,19,32.0,30.0,57.0,63.0,28.0,27.0,68.0,21.0,40.0,89.0,56.0,42.0
,2.0,13.0,lunes,2025.0,3.0,24.0,17,5.0,2.0,1.0,6.0,11.0,13.0,60.0,37.0,46,33,27,55.0,68.0,77.0,98.0,68.0,35.0,92.0,48.0,112.0,71.0,45.0,26.0
,2.0,13.0,martes,2025.0,3.0,25.0,11,7.0,2.0,1.0,4.0,28.0,19.0,57.0,69.0,60,42,45,88.0,66.0,53.0,75.0,66.0,57.0,45.0,92.0,93.0,82.0,53.0,35.0
,2.0,13.0,miércoles,2025.0,3.0,26.0,16,9.0,4.0,4.0,4.0,11.0,20.0,45.0,78.0,59,48,38,44.0,79.0,101.0,103.0,115.0,22.0,66.0,79.0,112.0,78.0,76.0,36.0
,2.0,13.0,jueves,2025.0,3.0,27.0,24,6.0,2.0,2.0,8.0,21.0,23.0,55.0,63.0,63,42,43,41.0,46.0,86.0,86.0,112.0,32.0,83.0,101.0,84.0,97.0,62.0,44.0
,2.0,13.0,viernes,2025.0,3.0,28.0,28,14.0,3.0,1.0,4.0,17.0,14.0,66.0,67.0,61,30,44,32.0,77.0,119.0,88.0,96.0,77.0,57.0,52.0,107.0,94.0,77.0,53.0
,2.0,13.0,sábado,2025.0,3.0,29.0,51,14.0,15.0,9.0,3.0,8.0,10.0,10.0,19.0,35,37,41,61.0,46.0,75.0,42.0,45.0,52.0,62.0,49.0,84.0,44.0,63.0,65.0
,2.0,13.0,domingo,2025.0,3.0,30.0,51,6.0,19.0,11.0,12.0,4.0,4.0,4.0,21.0,10,21,40,41.0,47.0,67.0,61.0,59.0,70.0,65.0,52.0,63.0,77.0,65.0,30.0
,2.0,14.0,lunes,2025.0,3.0,31.0,24,5.0,3.0,2.0,3.0,15.0,22.0,40.0,75.0,40,51,32,51.0,67.0,95.0,87.0,83.0,61.0,105.0,34.0,79.0,133.0,36.0,31.0
,2.0,14.0,martes,2025.0,4.0,1.0,25,4.0,3.0,1.0,6.0,7.0,18.0,66.0,86.0,54,46,17,30.0,93.0,98.0,66.0,91.0,86.0,80.0,51.0,94.0,92.0,72.0,44.0
,2.0,14.0,miércoles,2025.0,4.0,2.0,21,8.0,2.0,1.0,5.0,13.0,13.0,48.0,75.0,65,42,49,48.0,87.0,102.0,84.0,49.0,28.0,54.0,79.0,63.0,56.0,58.0,29.0
,2.0,14.0,jueves,2025.0,4.0,3.0,17,7.0,4.0,3.0,5.0,20.0,14.0,35.0,53.0,27,16,20,42.0,33.0,45.0,72.0,78.0,47.0,102.0,90.0,76.0,74.0,45.0,67.0
,2.0,14.0,viernes,2025.0,4.0,4.0,27,14.0,9.0,1.0,3.0,17.0,10.0,43.0,46.0,58,26,29,43.0,65.0,120.0,82.0,97.0,52.0,74.0,88.0,97.0,67.0,42.0,46.0
,2.0,14.0,sábado,2025.0,4.0,5.0,41,20.0,6.0,6.0,5.0,6.0,9.0,15.0,30.0,30,34,37,53.0,82.0,73.0,42.0,42.0,61.0,45.0,40.0,55.0,73.0,66.0,74.0
,2.0,14.0,domingo,2025.0,4.0,6.0,48,31.0,12.0,12.0,4.0,6.0,8.0,7.0,26.0,41,36,35,53.0,94.0,50.0,16.0,87.0,70.0,64.0,64.0,85.0,90.0,61.0,53.0
,2.0,15.0,lunes,2025.0,4.0,7.0,5,8.0,2.0,3.0,3.0,21.0,17.0,62.0,90.0,46,41,28,49.0,70.0,99.0,70.0,116.0,91.0,82.0,123.0,102.0,101.0,84.0,28.0
,2.0,15.0,martes,2025.0,4.0,8.0,24,12.0,2.0,3.0,10.0,16.0,19.0,35.0,71.0,61,19,45,46.0,82.0,96.0,112.0,104.0,37.0,47.0,83.0,88.0,120.0,45.0,64.0
,2.0,15.0,miércoles,2025.0,4.0,9.0,27,9.0,2.0,1.0,5.0,14.0,21.0,65.0,101.0,69,58,42,68.0,88.0,102.0,55.0,88.0,76.0,71.0,95.0,74.0,123.0,88.0,30.0
,2.0,15.0,jueves,2025.0,4.0,10.0,33,12.0,6.0,1.0,10.0,13.0,13.0,66.0,60.0,65,20,39,52.0,107.0,93.0,80.0,77.0,76.0,71.0,81.0,99.0,112.0,79.0,39.0
,2.0,15.0,viernes,2025.0,4.0,11.0,25,11.0,6.0,3.0,13.0,14.0,17.0,17.0,77.0,29,41,34,54.0,65.0,79.0,111.0,62.0,70.0,33.0,42.0,104.0,74.0,97.0,45.0
,2.0,15.0,sábado,2025.0,4.0,12.0,29,28.0,14.0,4.0,12.0,7.0,10.0,14.0,26.0,29,37,40,64.0,87.0,68.0,73.0,69.0,64.0,61.0,32.0,59.0,51.0,62.0,48.0
,2.0,15.0,domingo,2025.0,4.0,13.0,21,31.0,4.0,9.0,4.0,3.0,6.0,13.0,9.0,33,34,31,36.0,77.0,48.0,56.0,55.0,54.0,47.0,58.0,65.0,85.0,79.0,50.0
,2.0,16.0,lunes,2025.0,4.0,14.0,36,11.0,5.0,6.0,7.0,16.0,16.0,47.0,71.0,54,41,29,39.0,53.0,70.0,61.0,49.0,51.0,77.0,66.0,97.0,76.0,52.0,35.0
,2.0,16.0,martes,2025.0,4.0,15.0,30,12.0,4.0,7.0,5.0,11.0,14.0,41.0,32.0,33,18,36,44.0,60.0,50.0,28.0,3.0,49.0,46.0,95.0,86.0,94.0,64.0,39.0
,2.0,16.0,miércoles,2025.0,4.0,16.0,32,10.0,5.0,2.0,4.0,17.0,24.0,49.0,38.0,40,29,48,28.0,94.0,86.0,94.0,50.0,77.0,64.0,16.0,81.0,48.0,47.0,47.0
,2.0,16.0,jueves,2025.0,4.0,17.0,37,14.0,9.0,4.0,7.0,4.0,7.0,23.0,18.0,24,25,17,44.0,44.0,43.0,49.0,39.0,9.0,41.0,59.0,58.0,80.0,73.0,42.0
,2.0,16.0,viernes,2025.0,4.0,18.0,36,26.0,5.0,8.0,0.0,4.0,7.0,14.0,18.0,19,17,40,39.0,42.0,50.0,34.0,43.0,27.0,50.0,24.0,70.0,43.0,55.0,63.0
,2.0,16.0,sábado,2025.0,4.0,19.0,40,16.0,8.0,3.0,6.0,7.0,5.0,13.0,13.0,28,14,21,35.0,39.0,51.0,33.0,38.0,51.0,50.0,25.0,29.0,64.0,47.0,71.0
,2.0,16.0,domingo,2025.0,4.0,20.0,33,3.0,8.0,9.0,7.0,8.0,9.0,13.0,25.0,11,38,28,51.0,78.0,25.0,53.0,39.0,48.0,26.0,47.0,63.0,63.0,68.0,42.0
,2.0,17.0,lunes,2025.0,4.0,21.0,22,7.0,3.0,5.0,7.0,11.0,16.0,34.0,45.0,33,14,69,44.0,90.0,106.0,70.0,33.0,56.0,100.0,81.0,96.0,72.0,84.0,47.0
,2.0,17.0,martes,2025.0,4.0,22.0,24,9.0,4.0,7.0,13.0,11.0,12.0,31.0,31.0,42,22,37,18.0,35.0,74.0,82.0,60.0,81.0,69.0,52.0,85.0,96.0,87.0,46.0
,2.0,17.0,miércoles,2025.0,4.0,23.0,45,13.0,2.0,5.0,5.0,8.0,12.0,17.0,21.0,8,43,40,46.0,63.0,75.0,41.0,55.0,55.0,57.0,50.0,59.0,99.0,55.0,68.0
,2.0,17.0,jueves,2025.0,4.0,24.0,22,9.0,6.0,2.0,9.0,18.0,20.0,70.0,13.0,30,62,45,70.0,100.0,104.0,81.0,27.0,81.0,54.0,84.0,86.0,95.0,74.0,27.0
,2.0,17.0,viernes,2025.0,4.0,25.0,28,16.0,0.0,5.0,6.0,18.0,8.0,59.0,57.0,41,29,18,52.0,74.0,88.0,89.0,80.0,92.0,52.0,79.0,60.0,79.0,73.0,77.0
,2.0,17.0,sábado,2025.0,4.0,26.0,28,15.0,14.0,12.0,5.0,6.0,7.0,21.0,14.0,40,40,47,49.0,71.0,73.0,62.0,61.0,59.0,33.0,13.0,62.0,64.0,44.0,55.0
,2.0,17.0,domingo,2025.0,4.0,27.0,21,42.0,5.0,14.0,10.0,4.0,6.0,11.0,31.0,20,29,32,30.0,65.0,28.0,72.0,33.0,44.0,37.0,67.0,74.0,41.0,67.0,73.0
,2.0,18.0,lunes,2025.0,4.0,28.0,,,,,,,,,,APAGON GENERAL,,,,,,,,,,,,,,
,2.0,18.0,martes,2025.0,4.0,29.0,10,4.0,2.0,2.0,7.0,11.0,17.0,64.0,56.0,12,38,58,54.0,70.0,124.0,79.0,47.0,81.0,61.0,129.0,72.0,97.0,102.0,63.0
,2.0,18.0,miércoles,2025.0,4.0,30.0,30,11.0,3.0,2.0,6.0,15.0,16.0,52.0,46.0,31,43,34,47.0,105.0,84.0,113.0,101.0,68.0,81.0,140.0,84.0,76.0,98.0,20.0
,2.0,18.0,jueves,2025.0,5.0,1.0,26,12.0,12.0,3.0,5.0,7.0,6.0,16.0,18.0,27,27,24,30.0,54.0,52.0,29.0,71.0,39.0,46.0,7.0,64.0,78.0,79.0,52.0
,2.0,18.0,viernes,2025.0,5.0,2.0,18,5.0,4.0,4.0,10.0,12.0,6.0,39.0,37.0,44,32,6,46.0,82.0,65.0,68.0,60.0,33.0,33.0,59.0,45.0,71.0,39.0,78.0
,2.0,18.0,sábado,2025.0,5.0,3.0,40,29.0,5.0,7.0,16.0,6.0,11.0,13.0,45.0,45,16,33,39.0,64.0,67.0,72.0,67.0,52.0,20.0,73.0,23.0,73.0,26.0,24.0
,2.0,18.0,domingo,2025.0,5.0,4.0,38,30.0,16.0,6.0,8.0,6.0,11.0,14.0,17.0,14,28,43,60.0,37.0,55.0,55.0,51.0,54.0,64.0,55.0,45.0,37.0,39.0,39.0
,2.0,19.0,lunes,2025.0,5.0,5.0,22,9.0,4.0,3.0,9.0,12.0,23.0,38.0,72.0,46,36,45,23.0,50.0,115.0,87.0,48.0,45.0,90.0,77.0,93.0,60.0,23.0,34.0
,2.0,19.0,martes,2025.0,5.0,6.0,17,11.0,5.0,2.0,8.0,19.0,18.0,44.0,95.0,49,26,47,61.0,87.0,74.0,94.0,55.0,79.0,90.0,90.0,79.0,46.0,51.0,49.0
,2.0,19.0,miércoles,2025.0,5.0,7.0,31,7.0,7.0,1.0,8.0,16.0,20.0,51.0,55.0,68,33,49,71.0,66.0,90.0,60.0,115.0,45.0,108.0,95.0,99.0,132.0,80.0,54.0
,2.0,19.0,jueves,2025.0,5.0,8.0,21,8.0,7.0,5.0,9.0,14.0,10.0,67.0,105.0,47,36,55,41.0,92.0,121.0,105.0,116.0,46.0,59.0,64.0,111.0,67.0,80.0,45.0
,2.0,19.0,viernes,2025.0,5.0,9.0,27,8.0,9.0,4.0,9.0,22.0,15.0,37.0,72.0,31,42,39,64.0,102.0,114.0,102.0,53.0,46.0,76.0,107.0,80.0,76.0,90.0,68.0
,2.0,19.0,sábado,2025.0,5.0,10.0,31,16.0,14.0,6.0,8.0,7.0,7.0,12.0,25.0,33,28,54,66.0,47.0,74.0,49.0,43.0,50.0,60.0,52.0,15.0,38.0,51.0,72.0
,2.0,19.0,domingo,2025.0,5.0,11.0,53,31.0,20.0,8.0,7.0,11.0,9.0,15.0,14.0,17,24,31,66.0,96.0,67.0,67.0,74.0,33.0,77.0,63.0,83.0,87.0,77.0,83.0
,2.0,20.0,lunes,2025.0,5.0,12.0,18,9.0,3.0,5.0,7.0,16.0,16.0,28.0,63.0,34,21,39,67.0,39.0,121.0,120.0,62.0,50.0,97.0,80.0,48.0,122.0,81.0,55.0
,2.0,20.0,martes,2025.0,5.0,13.0,18,2.0,6.0,2.0,6.0,16.0,27.0,44.0,83.0,51,36,22,38.0,54.0,99.0,91.0,72.0,79.0,66.0,106.0,60.0,75.0,63.0,36.0
,2.0,20.0,miércoles,2025.0,5.0,14.0,23,7.0,4.0,2.0,9.0,10.0,24.0,34.0,63.0,42,50,39,85.0,78.0,141.0,83.0,76.0,89.0,90.0,57.0,44.0,68.0,54.0,36.0
,2.0,20.0,jueves,2025.0,5.0,15.0,17,9.0,2.0,2.0,2.0,15.0,18.0,75.0,82.0,52,51,43,41.0,105.0,147.0,70.0,100.0,114.0,74.0,113.0,124.0,101.0,93.0,34.0
,2.0,20.0,viernes,2025.0,5.0,16.0,42,12.0,3.0,4.0,6.0,16.0,19.0,62.0,70.0,55,35,51,55.0,74.0,124.0,111.0,98.0,92.0,72.0,102.0,100.0,97.0,77.0,60.0
,2.0,20.0,sábado,2025.0,5.0,17.0,52,22.0,15.0,6.0,7.0,9.0,12.0,19.0,21.0,24,29,25,44.0,74.0,64.0,71.0,45.0,54.0,47.0,83.0,43.0,37.0,40.0,75.0
,2.0,20.0,domingo,2025.0,5.0,18.0,23,43.0,12.0,9.0,7.0,7.0,5.0,10.0,30.0,30,35,58,37.0,52.0,35.0,67.0,48.0,56.0,41.0,47.0,38.0,66.0,66.0,53.0
,2.0,21.0,lunes,2025.0,5.0,19.0,22,7.0,4.0,5.0,8.0,10.0,33.0,40.0,69.0,42,27,43,40.0,93.0,89.0,47.0,73.0,60.0,104.0,61.0,67.0,71.0,47.0,35.0
,2.0,21.0,martes,2025.0,5.0,20.0,23,12.0,4.0,4.0,10.0,9.0,20.0,72.0,83.0,58,43,45,31.0,109.0,84.0,109.0,82.0,105.0,68.0,100.0,107.0,65.0,69.0,48.0
,2.0,21.0,miércoles,2025.0,5.0,21.0,21,3.0,1.0,3.0,8.0,12.0,19.0,55.0,76.0,64,50,23,53.0,86.0,67.0,101.0,83.0,70.0,89.0,65.0,130.0,50.0,76.0,42.0
,2.0,21.0,jueves,2025.0,5.0,22.0,20,12.0,1.0,4.0,10.0,6.0,7.0,51.0,69.0,27,50,41,58.0,68.0,107.0,86.0,72.0,75.0,63.0,89.0,89.0,62.0,79.0,47.0
,2.0,21.0,viernes,2025.0,5.0,23.0,26,11.0,3.0,8.0,8.0,9.0,16.0,54.0,73.0,49,38,51,41.0,65.0,56.0,109.0,63.0,77.0,63.0,99.0,126.0,42.0,80.0,59.0
,2.0,21.0,sábado,2025.0,5.0,24.0,49,24.0,14.0,6.0,7.0,5.0,11.0,19.0,31.0,37,49,33,54.0,71.0,77.0,28.0,70.0,64.0,41.0,39.0,99.0,90.0,65.0,48.0
,2.0,21.0,domingo,2025.0,5.0,25.0,41,35.0,19.0,10.0,8.0,2.0,7.0,12.0,22.0,26,42,29,51.0,66.0,62.0,44.0,54.0,32.0,60.0,40.0,100.0,83.0,75.0,39.0
,2.0,22.0,lunes,2025.0,5.0,26.0,25,6.0,5.0,5.0,10.0,15.0,21.0,69.0,82.0,35,33,31,50.0,92.0,103.0,77.0,96.0,106.0,40.0,51.0,58.0,88.0,25.0,24.0
,2.0,22.0,martes,2025.0,5.0,27.0,34,11.0,2.0,4.0,5.0,15.0,29.0,55.0,47.0,60,28,47,69.0,116.0,122.0,91.0,96.0,70.0,74.0,111.0,95.0,110.0,99.0,65.0
,2.0,22.0,miércoles,2025.0,5.0,28.0,25,11.0,6.0,2.0,9.0,12.0,29.0,59.0,54.0,24,46,41,38.0,66.0,130.0,66.0,50.0,62.0,64.0,80.0,61.0,85.0,61.0,45.0
,2.0,22.0,jueves,2025.0,5.0,29.0,34,12.0,4.0,5.0,4.0,18.0,22.0,51.0,61.0,51,30,30,55.0,33.0,117.0,46.0,42.0,71.0,78.0,51.0,105.0,85.0,108.0,86.0
,2.0,22.0,viernes,2025.0,5.0,30.0,12,17.0,5.0,9.0,5.0,22.0,27.0,40.0,27.0,19,30,22,63.0,47.0,125.0,97.0,31.0,29.0,26.0,61.0,112.0,36.0,60.0,40.0
,2.0,22.0,sábado,2025.0,5.0,31.0,46,30.0,11.0,13.0,16.0,13.0,17.0,20.0,33.0,31,36,55,57.0,58.0,63.0,61.0,43.0,20.0,7.0,45.0,58.0,22.0,62.0,62.0
,2.0,22.0,domingo,2025.0,6.0,1.0,54,23.0,13.0,13.0,7.0,9.0,5.0,16.0,23.0,16,25,47,51.0,77.0,58.0,47.0,27.0,33.0,60.0,42.0,56.0,56.0,75.0,45.0
,2.0,23.0,lunes,2025.0,6.0,2.0,15,9.0,6.0,3.0,10.0,18.0,24.0,27.0,83.0,64,33,32,69.0,34.0,104.0,69.0,93.0,35.0,67.0,73.0,44.0,70.0,28.0,19.0
,2.0,23.0,martes,2025.0,6.0,3.0,20,7.0,2.0,4.0,7.0,15.0,24.0,69.0,55.0,10,33,45,69.0,70.0,124.0,70.0,93.0,96.0,58.0,87.0,33.0,35.0,51.0,48.0
,2.0,23.0,miércoles,2025.0,6.0,4.0,19,8.0,6.0,3.0,8.0,15.0,21.0,66.0,51.0,36,50,63,69.0,123.0,87.0,93.0,73.0,92.0,70.0,133.0,85.0,71.0,85.0,35.0
,2.0,23.0,jueves,2025.0,6.0,5.0,8,4.0,4.0,10.0,20.0,34.0,75.0,58.0,48.0,22,45,52,96.0,146.0,71.0,79.0,67.0,93.0,102.0,88.0,122.0,104.0,70.0,28.0
,2.0,23.0,viernes,2025.0,6.0,6.0,24,6.0,7.0,11.0,22.0,20.0,52.0,63.0,30.0,33,53,65,57.0,93.0,98.0,68.0,62.0,27.0,79.0,92.0,95.0,65.0,66.0,56.0
,2.0,23.0,sábado,2025.0,6.0,7.0,36,12.0,2.0,15.0,18.0,11.0,22.0,33.0,21.0,37,69,88,79.0,70.0,36.0,46.0,47.0,10.0,20.0,26.0,28.0,79.0,47.0,52.0
,2.0,23.0,domingo,2025.0,6.0,8.0,20,12.0,9.0,10.0,9.0,3.0,20.0,28.0,31.0,33,52,45,73.0,47.0,48.0,66.0,40.0,27.0,37.0,72.0,55.0,58.0,68.0,38.0
,2.0,24.0,lunes,2025.0,6.0,9.0,38,14.0,6.0,5.0,10.0,13.0,22.0,54.0,75.0,68,50,35,52.0,75.0,103.0,109.0,76.0,55.0,29.0,39.0,96.0,58.0,71.0,37.0
,2.0,24.0,martes,2025.0,6.0,10.0,17,5.0,3.0,1.0,6.0,9.0,22.0,41.0,35.0,24,26,46,67.0,45.0,119.0,84.0,35.0,49.0,41.0,34.0,35.0,36.0,53.0,38.0
,2.0,24.0,miércoles,2025.0,6.0,11.0,9,14.0,10.0,6.0,16.0,9.0,26.0,57.0,59.0,31,43,61,68.0,60.0,140.0,92.0,61.0,70.0,38.0,26.0,5.0,69.0,45.0,47.0
,2.0,24.0,jueves,2025.0,6.0,12.0,26,11.0,9.0,4.0,10.0,18.0,16.0,43.0,67.0,58,48,48,44.0,103.0,106.0,55.0,90.0,48.0,27.0,37.0,52.0,104.0,50.0,35.0
,2.0,24.0,viernes,2025.0,6.0,13.0,60,17.0,8.0,13.0,10.0,21.0,21.0,28.0,48.0,34,49,38,37.0,48.0,133.0,67.0,91.0,57.0,66.0,73.0,81.0,68.0,55.0,50.0
,2.0,24.0,sábado,2025.0,6.0,14.0,52,25.0,8.0,7.0,10.0,8.0,14.0,22.0,38.0,60,20,54,43.0,56.0,59.0,62.0,62.0,69.0,23.0,49.0,48.0,62.0,56.0,35.0
,2.0,24.0,domingo,2025.0,6.0,15.0,38,21.0,12.0,8.0,11.0,12.0,10.0,12.0,31.0,28,40,53,55.0,41.0,64.0,54.0,59.0,54.0,60.0,57.0,54.0,77.0,84.0,70.0
,2.0,25.0,lunes,2025.0,6.0,16.0,31,13.0,5.0,5.0,11.0,23.0,22.0,69.0,50.0,43,44,42,52.0,98.0,67.0,73.0,63.0,48.0,71.0,65.0,39.0,48.0,77.0,32.0
,2.0,25.0,martes,2025.0,6.0,17.0,35,12.0,9.0,3.0,11.0,12.0,13.0,68.0,70.0,36,44,66,45.0,68.0,93.0,100.0,50.0,29.0,39.0,51.0,87.0,78.0,58.0,62.0
,2.0,25.0,miércoles,2025.0,6.0,18.0,30,14.0,5.0,4.0,8.0,25.0,25.0,25.0,94.0,58,52,31,64.0,107.0,92.0,80.0,83.0,50.0,37.0,55.0,103.0,86.0,26.0,50.0
,2.0,25.0,jueves,2025.0,6.0,19.0,11,12.0,10.0,3.0,12.0,16.0,22.0,48.0,79.0,66,28,34,48.0,85.0,101.0,73.0,62.0,72.0,75.0,96.0,82.0,81.0,99.0,58.0
,2.0,25.0,viernes,2025.0,6.0,20.0,29,11.0,12.0,5.0,11.0,13.0,27.0,34.0,56.0,54,36,66,50.0,81.0,115.0,50.0,83.0,62.0,16.0,61.0,47.0,32.0,25.0,50.0
,2.0,25.0,sábado,2025.0,6.0,21.0,26,32.0,5.0,7.0,14.0,11.0,7.0,12.0,24.0,32,35,14,39.0,84.0,48.0,33.0,49.0,35.0,36.0,41.0,33.0,36.0,56.0,33.0
,2.0,25.0,domingo,2025.0,6.0,22.0,39,35.0,13.0,11.0,11.0,8.0,8.0,16.0,21.0,27,18,54,49.0,65.0,18.0,61.0,19.0,47.0,30.0,10.0,28.0,50.0,87.0,62.0
,2.0,26.0,lunes,2025.0,6.0,23.0,28,19.0,3.0,3.0,9.0,12.0,17.0,53.0,72.0,66,36,36,43.0,95.0,111.0,64.0,66.0,72.0,68.0,86.0,70.0,50.0,48.0,22.0
,2.0,26.0,martes,2025.0,6.0,24.0,29,20.0,11.0,5.0,15.0,17.0,19.0,58.0,69.0,40,60,59,47.0,73.0,81.0,103.0,82.0,44.0,39.0,56.0,34.0,19.0,25.0,32.0
,2.0,26.0,miércoles,2025.0,6.0,25.0,34,13.0,6.0,4.0,12.0,12.0,25.0,38.0,80.0,57,18,41,29.0,97.0,110.0,87.0,78.0,74.0,73.0,65.0,43.0,61.0,33.0,70.0
,2.0,26.0,jueves,2025.0,6.0,26.0,22,23.0,4.0,3.0,13.0,5.0,21.0,41.0,62.0,43,15,49,46.0,61.0,109.0,110.0,101.0,75.0,64.0,63.0,60.0,70.0,104.0,58.0
,2.0,26.0,viernes,2025.0,6.0,27.0,,,,,,,,,,,,SIN DATOS,,,,,,,,,,,,
,2.0,26.0,sábado,2025.0,6.0,28.0,43,27.0,19.0,10.0,15.0,15.0,13.0,16.0,24.0,57,45,51,53.0,71.0,78.0,51.0,60.0,35.0,33.0,44.0,52.0,42.0,16.0,23.0
,2.0,26.0,domingo,2025.0,6.0,29.0,37,35.0,28.0,9.0,21.0,13.0,9.0,24.0,30.0,19,32,33,48.0,48.0,53.0,54.0,52.0,36.0,35.0,27.0,38.0,34.0,22.0,22.0
,2.0,27.0,lunes,2025.0,6.0,30.0,16,12.0,9.0,6.0,15.0,22.0,18.0,35.0,62.0,46,44,56,58.0,82.0,81.0,92.0,96.0,74.0,69.0,65.0,87.0,86.0,77.0,35.0
,2.0,27.0,martes,2025.0,7.0,1.0,14,19.0,13.0,7.0,6.0,25.0,32.0,51.0,66.0,60,45,54,51.0,88.0,100.0,104.0,79.0,67.0,54.0,64.0,74.0,88.0,73.0,49.0
,2.0,27.0,miércoles,2025.0,7.0,2.0,28,20.0,10.0,8.0,11.0,19.0,27.0,62.0,70.0,46,59,45,62.0,83.0,115.0,103.0,76.0,74.0,80.0,84.0,118.0,100.0,79.0,69.0
,2.0,27.0,jueves,2025.0,7.0,3.0,44,20.0,6.0,7.0,10.0,17.0,25.0,55.0,56.0,54,52,60,45.0,98.0,97.0,100.0,80.0,81.0,78.0,64.0,88.0,85.0,96.0,55.0
,2.0,27.0,viernes,2025.0,7.0,4.0,31,12.0,7.0,8.0,11.0,21.0,20.0,60.0,66.0,54,38,51,69.0,83.0,96.0,107.0,98.0,72.0,63.0,58.0,55.0,64.0,62.0,64.0
,2.0,27.0,sábado,2025.0,7.0,5.0,65,53.0,20.0,11.0,11.0,18.0,12.0,16.0,30.0,42,46,45,51.0,52.0,68.0,61.0,64.0,50.0,50.0,47.0,73.0,85.0,78.0,75.0
,2.0,27.0,domingo,2025.0,7.0,6.0,53,34.0,28.0,10.0,13.0,7.0,11.0,14.0,18.0,25,32,35,40.0,50.0,63.0,50.0,56.0,40.0,46.0,41.0,75.0,83.0,71.0,56.0
,2.0,28.0,lunes,2025.0,7.0,7.0,34,27.0,7.0,5.0,8.0,18.0,25.0,61.0,50.0,46,34,48,55.0,87.0,84.0,79.0,80.0,85.0,77.0,99.0,95.0,115.0,75.0,53.0
,2.0,28.0,martes,2025.0,7.0,8.0,35,8.0,5.0,4.0,9.0,11.0,14.0,58.0,48.0,39,29,68,57.0,112.0,95.0,106.0,84.0,85.0,70.0,76.0,116.0,112.0,101.0,66.0
,2.0,28.0,miércoles,2025.0,7.0,9.0,36,11.0,5.0,3.0,8.0,16.0,24.0,59.0,57.0,57,46,52,71.0,92.0,82.0,105.0,84.0,87.0,74.0,71.0,84.0,90.0,62.0,60.0
,2.0,28.0,jueves,2025.0,7.0,10.0,35,13.0,6.0,3.0,4.0,16.0,23.0,52.0,74.0,63,53,55,49.0,79.0,111.0,101.0,77.0,81.0,81.0,68.0,116.0,95.0,74.0,65.0
,2.0,28.0,viernes,2025.0,7.0,11.0,32,22.0,7.0,5.0,10.0,12.0,18.0,48.0,56.0,61,53,41,57.0,75.0,98.0,97.0,66.0,68.0,52.0,61.0,65.0,50.0,69.0,71.0
,2.0,28.0,sábado,2025.0,7.0,12.0,33,34.0,6.0,6.0,12.0,10.0,19.0,11.0,11.0,20,17,35,35.0,65.0,66.0,47.0,53.0,56.0,45.0,58.0,60.0,77.0,55.0,60.0
,2.0,28.0,domingo,2025.0,7.0,13.0,51,23.0,22.0,14.0,11.0,9.0,8.0,15.0,16.0,14,36,46,48.0,53.0,65.0,58.0,57.0,34.0,36.0,43.0,86.0,84.0,68.0,70.0
,2.0,29.0,lunes,2025.0,7.0,14.0,41,25.0,8.0,4.0,16.0,18.0,18.0,63.0,52.0,41,52,50,54.0,80.0,87.0,94.0,71.0,66.0,31.0,26.0,29.0,53.0,53.0,67.0
,2.0,29.0,martes,2025.0,7.0,15.0,27,14.0,8.0,5.0,12.0,20.0,21.0,78.0,58.0,37,40,50,53.0,79.0,90.0,113.0,96.0,62.0,64.0,65.0,89.0,114.0,89.0,65.0
,2.0,29.0,miércoles,2025.0,7.0,16.0,31,17.0,12.0,5.0,10.0,21.0,27.0,64.0,69.0,43,47,45,58.0,83.0,101.0,100.0,66.0,45.0,60.0,73.0,76.0,89.0,76.0,60.0
,2.0,29.0,jueves,2025.0,7.0,17.0,42,18.0,8.0,7.0,11.0,19.0,21.0,57.0,55.0,34,44,50,47.0,72.0,92.0,94.0,76.0,50.0,56.0,40.0,49.0,34.0,20.0,22.0
,2.0,29.0,viernes,2025.0,7.0,18.0,28,14.0,13.0,8.0,11.0,19.0,22.0,63.0,49.0,47,37,46,49.0,72.0,105.0,82.0,75.0,58.0,39.0,35.0,33.0,57.0,86.0,60.0
,2.0,29.0,sábado,2025.0,7.0,19.0,39,26.0,12.0,5.0,15.0,11.0,7.0,19.0,26.0,31,39,36,47.0,71.0,67.0,48.0,66.0,46.0,41.0,50.0,43.0,71.0,63.0,59.0
,2.0,29.0,domingo,2025.0,7.0,20.0,58,24.0,16.0,9.0,9.0,8.0,3.0,14.0,15.0,19,32,43,37.0,45.0,40.0,56.0,37.0,23.0,24.0,18.0,39.0,83.0,83.0,63.0
,2.0,30.0,lunes,2025.0,7.0,21.0,40,9.0,7.0,7.0,12.0,16.0,28.0,65.0,59.0,42,51,51,59.0,69.0,68.0,93.0,78.0,74.0,69.0,66.0,120.0,100.0,86.0,43.0
,2.0,30.0,martes,2025.0,7.0,22.0,48,9.0,10.0,5.0,7.0,18.0,21.0,88.0,64.0,37,37,39,51.0,82.0,108.0,105.0,90.0,62.0,48.0,51.0,69.0,82.0,72.0,47.0
,2.0,30.0,miércoles,2025.0,7.0,23.0,21,18.0,9.0,6.0,9.0,15.0,28.0,74.0,73.0,52,37,64,58.0,94.0,93.0,117.0,69.0,84.0,85.0,83.0,106.0,98.0,76.0,57.0
,2.0,30.0,jueves,2025.0,7.0,24.0,45,21.0,8.0,13.0,11.0,14.0,25.0,62.0,60.0,43,44,58,51.0,69.0,90.0,104.0,95.0,83.0,76.0,105.0,114.0,102.0,78.0,72.0
,2.0,30.0,viernes,2025.0,7.0,25.0,41,17.0,10.0,6.0,14.0,14.0,28.0,67.0,56.0,43,33,47,71.0,68.0,94.0,111.0,92.0,93.0,61.0,73.0,107.0,79.0,71.0,65.0
,2.0,30.0,sábado,2025.0,7.0,26.0,40,23.0,15.0,9.0,13.0,15.0,16.0,19.0,24.0,32,21,51,66.0,62.0,76.0,75.0,54.0,61.0,42.0,53.0,68.0,75.0,67.0,71.0
,2.0,30.0,domingo,2025.0,7.0,27.0,55,14.0,16.0,11.0,12.0,11.0,9.0,16.0,16.0,19,37,38,46.0,41.0,58.0,58.0,47.0,32.0,52.0,54.0,80.0,74.0,65.0,59.0
,2.0,31.0,lunes,2025.0,7.0,28.0,38,10.0,6.0,10.0,7.0,19.0,22.0,71.0,54.0,48,34,50,43.0,80.0,87.0,87.0,79.0,87.0,109.0,84.0,76.0,79.0,69.0,50.0
,2.0,31.0,martes,2025.0,7.0,29.0,30,9.0,5.0,7.0,13.0,23.0,17.0,63.0,59.0,44,44,43,68.0,94.0,96.0,115.0,79.0,87.0,105.0,100.0,101.0,83.0,81.0,44.0
,2.0,31.0,miércoles,2025.0,7.0,30.0,33,13.0,4.0,8.0,9.0,23.0,23.0,76.0,49.0,43,41,45,61.0,67.0,109.0,120.0,92.0,94.0,88.0,81.0,108.0,109.0,84.0,82.0
,2.0,31.0,jueves,2025.0,7.0,31.0,41,12.0,9.0,6.0,12.0,19.0,33.0,61.0,62.0,30,35,46,59.0,90.0,109.0,95.0,82.0,64.0,58.0,57.0,99.0,99.0,89.0,77.0
,2.0,31.0,viernes,2025.0,8.0,1.0,38,14.0,7.0,4.0,16.0,20.0,27.0,59.0,59.0,50,35,64,63.0,73.0,110.0,90.0,86.0,64.0,61.0,76.0,88.0,90.0,91.0,77.0
,2.0,31.0,sábado,2025.0,8.0,2.0,61,26.0,9.0,11.0,15.0,8.0,14.0,27.0,45.0,25,35,51,73.0,67.0,51.0,74.0,60.0,43.0,54.0,49.0,69.0,102.0,88.0,61.0
,2.0,31.0,domingo,2025.0,8.0,3.0,53,18.0,11.0,8.0,12.0,9.0,8.0,13.0,21.0,11,31,48,48.0,57.0,55.0,76.0,53.0,29.0,42.0,53.0,70.0,88.0,77.0,58.0
,2.0,32.0,lunes,2025.0,8.0,4.0,39,11.0,7.0,9.0,18.0,15.0,23.0,73.0,67.0,36,37,41,54.0,82.0,82.0,123.0,57.0,34.0,35.0,71.0,79.0,81.0,64.0,63.0
,2.0,32.0,martes,2025.0,8.0,5.0,32,24.0,10.0,4.0,6.0,12.0,25.0,70.0,59.0,34,29,52,54.0,67.0,86.0,105.0,84.0,62.0,67.0,53.0,75.0,96.0,80.0,56.0
,2.0,32.0,miércoles,2025.0,8.0,6.0,44,25.0,7.0,5.0,9.0,16.0,25.0,65.0,58.0,42,38,50,57.0,86.0,103.0,96.0,80.0,47.0,44.0,64.0,92.0,98.0,78.0,55.0
,2.0,32.0,jueves,2025.0,8.0,7.0,38,16.0,8.0,5.0,7.0,12.0,14.0,61.0,55.0,39,25,55,55.0,80.0,100.0,102.0,59.0,50.0,57.0,40.0,36.0,38.0,46.0,44.0
,2.0,32.0,viernes,2025.0,8.0,8.0,42,29.0,10.0,4.0,11.0,21.0,26.0,53.0,58.0,37,36,40,52.0,88.0,104.0,86.0,79.0,48.0,32.0,23.0,47.0,12.0,28.0,64.0
,2.0,32.0,sábado,2025.0,8.0,9.0,39,23.0,18.0,9.0,23.0,13.0,11.0,19.0,43.0,19,36,49,48.0,54.0,61.0,41.0,50.0,29.0,23.0,17.0,12.0,13.0,12.0,30.0
,2.0,32.0,domingo,2025.0,8.0,10.0,22,28.0,15.0,11.0,18.0,9.0,16.0,10.0,27.0,25,37,47,52.0,56.0,53.0,46.0,37.0,30.0,25.0,28.0,29.0,18.0,25.0,9.0
,2.0,33.0,lunes,2025.0,8.0,11.0,16,13.0,1.0,6.0,16.0,21.0,17.0,22.0,23.0,4,30,39,51.0,45.0,91.0,62.0,51.0,50.0,57.0,47.0,74.0,40.0,19.0,15.0
,2.0,33.0,martes,2025.0,8.0,12.0,14,18.0,8.0,5.0,10.0,19.0,29.0,49.0,54.0,31,36,46,58.0,63.0,82.0,93.0,65.0,40.0,38.0,43.0,59.0,68.0,56.0,39.0
,2.0,33.0,miércoles,2025.0,8.0,13.0,20,12.0,4.0,5.0,14.0,20.0,27.0,55.0,63.0,31,18,35,51.0,65.0,89.0,90.0,67.0,58.0,67.0,86.0,69.0,82.0,66.0,58.0
,2.0,33.0,jueves,2025.0,8.0,14.0,48,15.0,3.0,13.0,13.0,18.0,18.0,45.0,51.0,39,25,54,48.0,65.0,99.0,80.0,63.0,59.0,33.0,23.0,25.0,54.0,51.0,30.0
,2.0,33.0,viernes,2025.0,8.0,15.0,43,38.0,19.0,8.0,10.0,16.0,11.0,19.0,31.0,24,18,33,37.0,67.0,55.0,69.0,48.0,45.0,24.0,30.0,30.0,25.0,31.0,34.0
,2.0,33.0,sábado,2025.0,8.0,16.0,26,21.0,17.0,8.0,17.0,9.0,14.0,23.0,24.0,42,20,46,46.0,62.0,50.0,55.0,25.0,28.0,33.0,28.0,42.0,33.0,32.0,47.0
,2.0,33.0,domingo,2025.0,8.0,17.0,34,28.0,13.0,9.0,9.0,5.0,5.0,14.0,23.0,31,24,24,34.0,42.0,52.0,42.0,28.0,21.0,23.0,26.0,32.0,39.0,33.0,37.0
,2.0,34.0,lunes,2025.0,8.0,18.0,27,18.0,4.0,2.0,9.0,11.0,27.0,60.0,57.0,44,33,32,53.0,64.0,77.0,75.0,72.0,53.0,74.0,69.0,80.0,57.0,43.0,45.0
,2.0,34.0,martes,2025.0,8.0,19.0,25,9.0,10.0,5.0,2.0,4.0,31.0,64.0,58.0,61,40,34,58.0,69.0,84.0,87.0,77.0,50.0,63.0,75.0,99.0,104.0,66.0,54.0
,2.0,34.0,miércoles,2025.0,8.0,20.0,20,22.0,6.0,5.0,5.0,16.0,20.0,62.0,55.0,60,30,56,54.0,77.0,84.0,99.0,69.0,71.0,57.0,89.0,97.0,97.0,68.0,45.0
,2.0,34.0,jueves,2025.0,8.0,21.0,22,20.0,12.0,8.0,15.0,17.0,30.0,58.0,60.0,43,36,35,46.0,77.0,100.0,97.0,94.0,91.0,55.0,69.0,107.0,87.0,68.0,59.0
,2.0,34.0,viernes,2025.0,8.0,22.0,39,16.0,11.0,7.0,5.0,18.0,25.0,55.0,58.0,24,25,57,61.0,64.0,96.0,88.0,92.0,76.0,69.0,88.0,107.0,100.0,90.0,68.0
,2.0,34.0,sábado,2025.0,8.0,23.0,45,26.0,18.0,11.0,7.0,15.0,17.0,18.0,29.0,31,23,52,48.0,90.0,76.0,65.0,64.0,54.0,69.0,61.0,63.0,84.0,85.0,71.0
,2.0,34.0,domingo,2025.0,8.0,24.0,50,35.0,25.0,18.0,16.0,10.0,7.0,16.0,30.0,20,42,32,62.0,72.0,64.0,47.0,46.0,35.0,67.0,40.0,86.0,90.0,71.0,43.0
,2.0,35.0,lunes,2025.0,8.0,25.0,39,10.0,7.0,8.0,8.0,13.0,22.0,65.0,56.0,53,46,37,54.0,67.0,62.0,80.0,77.0,59.0,82.0,87.0,100.0,100.0,75.0,56.0
,2.0,35.0,martes,2025.0,8.0,26.0,29,9.0,11.0,6.0,9.0,15.0,33.0,70.0,67.0,21,29,50,59.0,78.0,101.0,54.0,43.0,31.0,12.0,52.0,97.0,99.0,60.0,60.0
,2.0,35.0,miércoles,2025.0,8.0,27.0,25,16.0,11.0,4.0,5.0,12.0,21.0,65.0,69.0,56,48,36,21.0,56.0,89.0,51.0,78.0,48.0,39.0,63.0,83.0,98.0,97.0,66.0
,2.0,35.0,jueves,2025.0,8.0,28.0,31,26.0,8.0,7.0,11.0,20.0,27.0,76.0,73.0,62,45,58,78.0,86.0,99.0,119.0,111.0,90.0,117.0,97.0,123.0,85.0,86.0,62.0
,2.0,35.0,viernes,2025.0,8.0,29.0,43,23.0,11.0,8.0,9.0,21.0,20.0,66.0,55.0,56,46,60,74.0,94.0,106.0,124.0,112.0,82.0,80.0,89.0,108.0,98.0,101.0,87.0
,2.0,35.0,sábado,2025.0,8.0,30.0,63,42.0,24.0,19.0,9.0,12.0,12.0,24.0,38.0,33,43,44,64.0,85.0,78.0,76.0,84.0,72.0,88.0,64.0,91.0,109.0,94.0,75.0
,2.0,35.0,domingo,2025.0,8.0,31.0,71,28.0,22.0,11.0,11.0,8.0,11.0,11.0,27.0,27,51,43,58.0,73.0,69.0,69.0,66.0,34.0,28.0,52.0,80.0,94.0,70.0,61.0
,2.0,36.0,lunes,2025.0,9.0,1.0,46,18.0,9.0,6.0,11.0,29.0,25.0,64.0,85.0,51,53,61,74.0,103.0,127.0,121.0,97.0,102.0,138.0,107.0,157.0,112.0,94.0,54.0
,2.0,36.0,martes,2025.0,9.0,2.0,23,10.0,3.0,3.0,9.0,15.0,27.0,67.0,82.0,75,53,39,79.0,103.0,145.0,115.0,132.0,91.0,125.0,126.0,155.0,131.0,138.0,68.0
,2.0,36.0,miércoles,2025.0,9.0,3.0,51,14.0,7.0,7.0,12.0,24.0,25.0,72.0,87.0,70,64,62,88.0,113.0,139.0,120.0,119.0,105.0,121.0,126.0,129.0,107.0,104.0,74.0
,2.0,36.0,jueves,2025.0,9.0,4.0,41,13.0,10.0,2.0,13.0,18.0,26.0,71.0,80.0,83,78,60,92.0,127.0,140.0,122.0,122.0,127.0,136.0,123.0,162.0,146.0,84.0,65.0
,2.0,36.0,viernes,2025.0,9.0,5.0,45,22.0,5.0,1.0,12.0,14.0,29.0,75.0,81.0,95,58,42,77.0,119.0,132.0,133.0,128.0,104.0,101.0,106.0,166.0,151.0,91.0,86.0
,2.0,36.0,sábado,2025.0,9.0,6.0,54,40.0,10.0,14.0,15.0,16.0,22.0,15.0,42.0,60,73,70,78.0,83.0,83.0,90.0,82.0,90.0,47.0,71.0,95.0,90.0,83.0,83.0
,2.0,36.0,domingo,2025.0,9.0,7.0,48,31.0,16.0,13.0,18.0,11.0,15.0,23.0,21.0,23,47,57,70.0,72.0,81.0,26.0,13.0,10.0,33.0,47.0,91.0,97.0,80.0,65.0
,2.0,37.0,lunes,2025.0,9.0,8.0,43,15.0,3.0,0.0,8.0,17.0,31.0,76.0,84.0,74,72,76,95.0,112.0,123.0,129.0,107.0,114.0,106.0,114.0,146.0,86.0,77.0,48.0
,2.0,37.0,martes,2025.0,9.0,9.0,22,11.0,0.0,6.0,5.0,19.0,34.0,73.0,94.0,86,55,63,82.0,112.0,145.0,119.0,128.0,105.0,136.0,122.0,160.0,115.0,88.0,61.0
,2.0,37.0,miércoles,2025.0,9.0,10.0,31,17.0,6.0,11.0,5.0,18.0,33.0,88.0,103.0,79,72,71,84.0,109.0,137.0,120.0,138.0,115.0,121.0,114.0,181.0,159.0,82.0,59.0
,2.0,37.0,jueves,2025.0,9.0,11.0,35,13.0,7.0,5.0,7.0,28.0,40.0,96.0,113.0,94,69,85,91.0,119.0,136.0,110.0,133.0,118.0,123.0,138.0,157.0,133.0,104.0,60.0
,2.0,37.0,viernes,2025.0,9.0,12.0,42,23.0,10.0,6.0,7.0,26.0,26.0,95.0,102.0,108,75,62,68.0,119.0,146.0,107.0,101.0,82.0,91.0,129.0,151.0,128.0,106.0,64.0
,2.0,37.0,sábado,2025.0,9.0,13.0,74,40.0,19.0,7.0,4.0,15.0,18.0,31.0,45.0,56,62,76,75.0,89.0,91.0,88.0,105.0,84.0,70.0,73.0,113.0,90.0,84.0,73.0
,2.0,37.0,domingo,2025.0,9.0,14.0,71,56.0,17.0,15.0,9.0,9.0,13.0,21.0,34.0,36,44,72,67.0,67.0,71.0,78.0,68.0,68.0,61.0,84.0,94.0,117.0,96.0,66.0
,2.0,38.0,lunes,2025.0,9.0,15.0,37,16.0,14.0,8.0,8.0,18.0,34.0,85.0,90.0,80,57,74,68.0,113.0,133.0,126.0,125.0,121.0,143.0,126.0,183.0,121.0,69.0,51.0
,2.0,38.0,martes,2025.0,9.0,16.0,26,18.0,5.0,5.0,2.0,16.0,27.0,106.0,121.0,78,68,92,91.0,129.0,140.0,111.0,138.0,128.0,117.0,149.0,124.0,129.0,94.0,65.0
,2.0,38.0,miércoles,2025.0,9.0,17.0,18,15.0,8.0,6.0,6.0,18.0,36.0,91.0,92.0,64,64,65,91.0,111.0,165.0,126.0,121.0,114.0,107.0,137.0,144.0,113.0,102.0,60.0
,2.0,38.0,jueves,2025.0,9.0,18.0,31,16.0,9.0,6.0,3.0,14.0,31.0,83.0,88.0,94,78,65,77.0,109.0,114.0,136.0,137.0,130.0,117.0,157.0,149.0,108.0,99.0,69.0
,2.0,38.0,viernes,2025.0,9.0,19.0,37,22.0,7.0,7.0,11.0,18.0,30.0,77.0,103.0,98,85,58,67.0,123.0,133.0,118.0,129.0,109.0,100.0,117.0,132.0,151.0,93.0,80.0
,2.0,38.0,sábado,2025.0,9.0,20.0,72,44.0,22.0,9.0,15.0,17.0,9.0,18.0,34.0,27,62,60,74.0,94.0,115.0,80.0,94.0,63.0,79.0,97.0,66.0,79.0,26.0,84.0
,2.0,38.0,domingo,2025.0,9.0,21.0,75,43.0,25.0,10.0,9.0,12.0,10.0,12.0,35.0,34,36,62,62.0,77.0,75.0,77.0,79.0,85.0,69.0,74.0,89.0,96.0,91.0,58.0
,2.0,39.0,lunes,2025.0,9.0,22.0,17,11.0,8.0,5.0,9.0,16.0,34.0,90.0,96.0,103,62,58,80.0,113.0,153.0,113.0,115.0,122.0,131.0,114.0,158.0,118.0,85.0,55.0
,2.0,39.0,martes,2025.0,9.0,23.0,14,15.0,4.0,4.0,8.0,17.0,33.0,86.0,104.0,91,49,72,82.0,104.0,126.0,132.0,133.0,127.0,125.0,149.0,129.0,98.0,69.0,68.0
,2.0,39.0,miércoles,2025.0,9.0,24.0,29,8.0,4.0,3.0,3.0,14.0,35.0,81.0,108.0,94,63,66,73.0,102.0,133.0,122.0,129.0,125.0,128.0,122.0,160.0,108.0,84.0,65.0
,2.0,39.0,jueves,2025.0,9.0,25.0,33,13.0,10.0,7.0,8.0,13.0,27.0,79.0,121.0,77,81,60,76.0,100.0,148.0,133.0,129.0,107.0,118.0,140.0,171.0,128.0,96.0,68.0
,2.0,39.0,viernes,2025.0,9.0,26.0,33,8.0,8.0,10.0,13.0,22.0,23.0,87.0,108.0,76,63,73,94.0,136.0,169.0,131.0,137.0,113.0,123.0,118.0,138.0,111.0,106.0,89.0
,2.0,39.0,sábado,2025.0,9.0,27.0,73,28.0,17.0,11.0,8.0,15.0,18.0,21.0,43.0,45,49,80,92.0,102.0,95.0,78.0,87.0,73.0,79.0,70.0,101.0,104.0,79.0,89.0
,2.0,39.0,domingo,2025.0,9.0,28.0,74,50.0,13.0,22.0,10.0,10.0,5.0,17.0,30.0,34,40,47,84.0,75.0,90.0,35.0,55.0,59.0,13.0,11.0,37.0,39.0,36.0,42.0
,2.0,40.0,lunes,2025.0,9.0,29.0,11,6.0,2.0,7.0,6.0,15.0,25.0,64.0,90.0,60,55,57,75.0,102.0,122.0,129.0,139.0,125.0,117.0,135.0,142.0,87.0,74.0,63.0
,2.0,40.0,martes,2025.0,9.0,30.0,24,10.0,7.0,6.0,5.0,17.0,35.0,97.0,116.0,83,61,78,80.0,109.0,147.0,132.0,120.0,123.0,129.0,118.0,147.0,112.0,92.0,53.0
,2.0,40.0,miércoles,2025.0,10.0,1.0,,,,,,,,,,,,,,,,,,,,,,,,
,2.0,40.0,jueves,2025.0,10.0,2.0,,,,,,,,,,,,,,,,,,,,,,,,
,2.0,40.0,viernes,2025.0,10.0,3.0,,,,,,,,,,,,,,,,,,,,,,,,
,2.0,40.0,sábado,2025.0,10.0,4.0,,,,,,,,,,,,,,,,,,,,,,,,
,2.0,40.0,domingo,2025.0,10.0,5.0,,,,,,,,,,,,,,,,,,,,,,,,
,2.0,41.0,lunes,2025.0,10.0,6.0,,,,,,,,,,,,,,,,,,,,,,,,
,2.0,41.0,martes,2025.0,10.0,7.0,,,,,,,,,,,,,,,,,,,,,,,,
,2.0,41.0,miércoles,2025.0,10.0,8.0,,,,,,,,,,,,,,,,,,,,,,,,
,2.0,41.0,jueves,2025.0,10.0,9.0,,,,,,,,,,,,,,,,,,,,,,,,
,2.0,41.0,viernes,2025.0,10.0,10.0,,,,,,,,,,,,,,,,,,,,,,,,
,2.0,41.0,sábado,2025.0,10.0,11.0,,,,,,,,,,,,,,,,,,,,,,,,
,2.0,41.0,domingo,2025.0,10.0,12.0,,,,,,,,,,,,,,,,,,,,,,,,
,2.0,42.0,lunes,2025.0,10.0,13.0,,,,,,,,,,,,,,,,,,,,,,,,
,2.0,42.0,martes,2025.0,10.0,14.0,,,,,,,,,,,,,,,,,,,,,,,,
,2.0,42.0,miércoles,2025.0,10.0,15.0,,,,,,,,,,,,,,,,,,,,,,,,
,2.0,42.0,jueves,2025.0,10.0,16.0,,,,,,,,,,,,,,,,,,,,,,,,
,2.0,42.0,viernes,2025.0,10.0,17.0,,,,,,,,,,,,,,,,,,,,,,,,
,2.0,42.0,sábado,2025.0,10.0,18.0,,,,,,,,,,,,,,,,,,,,,,,,
,2.0,42.0,domingo,2025.0,10.0,19.0,,,,,,,,,,,,,,,,,,,,,,,,
,2.0,43.0,lunes,2025.0,10.0,20.0,,,,,,,,,,,,,,,,,,,,,,,,
,2.0,43.0,martes,2025.0,10.0,21.0,,,,,,,,,,,,,,,,,,,,,,,,
,2.0,43.0,miércoles,2025.0,10.0,22.0,,,,,,,,,,,,,,,,,,,,,,,,
,2.0,43.0,jueves,2025.0,10.0,23.0,,,,,,,,,,,,,,,,,,,,,,,,
,2.0,43.0,viernes,2025.0,10.0,24.0,,,,,,,,,,,,,,,,,,,,,,,,
,2.0,43.0,sábado,2025.0,10.0,25.0,,,,,,,,,,,,,,,,,,,,,,,,
,2.0,43.0,domingo,2025.0,10.0,26.0,,,,,,,,,,,,,,,,,,,,,,,,
,2.0,44.0,lunes,2025.0,10.0,27.0,,,,,,,,,,,,,,,,,,,,,,,,
,2.0,44.0,martes,2025.0,10.0,28.0,,,,,,,,,,,,,,,,,,,,,,,,
,2.0,44.0,miércoles,2025.0,10.0,29.0,,,,,,,,,,,,,,,,,,,,,,,,
,2.0,44.0,jueves,2025.0,10.0,30.0,,,,,,,,,,,,,,,,,,,,,,,,
,2.0,44.0,viernes,2025.0,10.0,31.0,,,,,,,,,,,,,,,,,,,,,,,,
,2.0,44.0,sábado,2025.0,11.0,1.0,,,,,,,,,,,,,,,,,,,,,,,,
,2.0,44.0,domingo,2025.0,11.0,2.0,,,,,,,,,,,,,,,,,,,,,,,,
,2.0,45.0,lunes,2025.0,11.0,3.0,,,,,,,,,,,,,,,,,,,,,,,,
,2.0,45.0,martes,2025.0,11.0,4.0,,,,,,,,,,,,,,,,,,,,,,,,
,2.0,45.0,miércoles,2025.0,11.0,5.0,,,,,,,,,,,,,,,,,,,,,,,,
,2.0,45.0,jueves,2025.0,11.0,6.0,,,,,,,,,,,,,,,,,,,,,,,,
,2.0,45.0,viernes,2025.0,11.0,7.0,,,,,,,,,,,,,,,,,,,,,,,,
,2.0,45.0,sábado,2025.0,11.0,8.0,,,,,,,,,,,,,,,,,,,,,,,,
,2.0,45.0,domingo,2025.0,11.0,9.0,,,,,,,,,,,,,,,,,,,,,,,,
,2.0,46.0,lunes,2025.0,11.0,10.0,,,,,,,,,,,,,,,,,,,,,,,,
,2.0,46.0,martes,2025.0,11.0,11.0,,,,,,,,,,,,,,,,,,,,,,,,
,2.0,46.0,miércoles,2025.0,11.0,12.0,,,,,,,,,,,,,,,,,,,,,,,,
,2.0,46.0,jueves,2025.0,11.0,13.0,,,,,,,,,,,,,,,,,,,,,,,,
,2.0,46.0,viernes,2025.0,11.0,14.0,,,,,,,,,,,,,,,,,,,,,,,,
,2.0,46.0,sábado,2025.0,11.0,15.0,,,,,,,,,,,,,,,,,,,,,,,,
,2.0,46.0,domingo,2025.0,11.0,16.0,,,,,,,,,,,,,,,,,,,,,,,,
,2.0,47.0,lunes,2025.0,11.0,17.0,,,,,,,,,,,,,,,,,,,,,,,,
,2.0,47.0,martes,2025.0,11.0,18.0,,,,,,,,,,,,,,,,,,,,,,,,
,2.0,47.0,miércoles,2025.0,11.0,19.0,,,,,,,,,,,,,,,,,,,,,,,,
,2.0,47.0,jueves,2025.0,11.0,20.0,,,,,,,,,,,,,,,,,,,,,,,,
,2.0,47.0,viernes,2025.0,11.0,21.0,,,,,,,,,,,,,,,,,,,,,,,,
,2.0,47.0,sábado,2025.0,11.0,22.0,,,,,,,,,,,,,,,,,,,,,,,,
,2.0,47.0,domingo,2025.0,11.0,23.0,,,,,,,,,,,,,,,,,,,,,,,,
,2.0,48.0,lunes,2025.0,11.0,24.0,,,,,,,,,,,,,,,,,,,,,,,,
,2.0,48.0,martes,2025.0,11.0,25.0,,,,,,,,,,,,,,,,,,,,,,,,
,2.0,48.0,miércoles,2025.0,11.0,26.0,,,,,,,,,,,,,,,,,,,,,,,,
,2.0,48.0,jueves,2025.0,11.0,27.0,,,,,,,,,,,,,,,,,,,,,,,,
,2.0,48.0,viernes,2025.0,11.0,28.0,,,,,,,,,,,,,,,,,,,,,,,,
,2.0,48.0,sábado,2025.0,11.0,29.0,,,,,,,,,,,,,,,,,,,,,,,,
,2.0,48.0,domingo,2025.0,11.0,30.0,,,,,,,,,,,,,,,,,,,,,,,,
,2.0,49.0,lunes,2025.0,12.0,1.0,,,,,,,,,,,,,,,,,,,,,,,,
,2.0,49.0,martes,2025.0,12.0,2.0,,,,,,,,,,,,,,,,,,,,,,,,
,2.0,49.0,miércoles,2025.0,12.0,3.0,,,,,,,,,,,,,,,,,,,,,,,,
,2.0,49.0,jueves,2025.0,12.0,4.0,,,,,,,,,,,,,,,,,,,,,,,,
,2.0,49.0,viernes,2025.0,12.0,5.0,,,,,,,,,,,,,,,,,,,,,,,,
,2.0,49.0,sábado,2025.0,12.0,6.0,,,,,,,,,,,,,,,,,,,,,,,,
,2.0,49.0,domingo,2025.0,12.0,7.0,,,,,,,,,,,,,,,,,,,,,,,,
,2.0,50.0,lunes,2025.0,12.0,8.0,,,,,,,,,,,,,,,,,,,,,,,,
,2.0,50.0,martes,2025.0,12.0,9.0,,,,,,,,,,,,,,,,,,,,,,,,
,2.0,50.0,miércoles,2025.0,12.0,10.0,,,,,,,,,,,,,,,,,,,,,,,,
,2.0,50.0,jueves,2025.0,12.0,11.0,,,,,,,,,,,,,,,,,,,,,,,,
,2.0,50.0,viernes,2025.0,12.0,12.0,,,,,,,,,,,,,,,,,,,,,,,,
,2.0,50.0,sábado,2025.0,12.0,13.0,,,,,,,,,,,,,,,,,,,,,,,,
,2.0,50.0,domingo,2025.0,12.0,14.0,,,,,,,,,,,,,,,,,,,,,,,,
,2.0,51.0,lunes,2025.0,12.0,15.0,,,,,,,,,,,,,,,,,,,,,,,,
,2.0,51.0,martes,2025.0,12.0,16.0,,,,,,,,,,,,,,,,,,,,,,,,
,2.0,51.0,miércoles,2025.0,12.0,17.0,,,,,,,,,,,,,,,,,,,,,,,,
,2.0,51.0,jueves,2025.0,12.0,18.0,,,,,,,,,,,,,,,,,,,,,,,,
,2.0,51.0,viernes,2025.0,12.0,19.0,,,,,,,,,,,,,,,,,,,,,,,,
,2.0,51.0,sábado,2025.0,12.0,20.0,,,,,,,,,,,,,,,,,,,,,,,,
,2.0,51.0,domingo,2025.0,12.0,21.0,,,,,,,,,,,,,,,,,,,,,,,,
,2.0,52.0,lunes,2025.0,12.0,22.0,,,,,,,,,,,,,,,,,,,,,,,,
,2.0,52.0,martes,2025.0,12.0,23.0,,,,,,,,,,,,,,,,,,,,,,,,
,2.0,52.0,miércoles,2025.0,12.0,24.0,,,,,,,,,,,,,,,,,,,,,,,,
,2.0,52.0,jueves,2025.0,12.0,25.0,,,,,,,,,,,,,,,,,,,,,,,,
,2.0,52.0,viernes,2025.0,12.0,26.0,,,,,,,,,,,,,,,,,,,,,,,,
,2.0,52.0,sábado,2025.0,12.0,27.0,,,,,,,,,,,,,,,,,,,,,,,,
,2.0,52.0,domingo,2025.0,12.0,28.0,,,,,,,,,,,,,,,,,,,,,,,,
,2.0,53.0,lunes,2025.0,12.0,29.0,,,,,,,,,,,,,,,,,,,,,,,,
,2.0,53.0,martes,2025.0,12.0,30.0,,,,,,,,,,,,,,,,,,,,,,,,
,2.0,53.0,miércoles,2025.0,12.0,31.0,,,,,,,,,,,,,,,,,,,,,,,,
,2.0,53.0,jueves,2025.0,,,,,,,,,,,,,,,,,,,,,,,,,,
,2.0,53.0,viernes,2025.0,,,,,,,,,,,,,,,,,,,,,,,,,,
,2.0,53.0,sábado,2025.0,,,,,,,,,,,,,,,,,,,,,,,,,,
,2.0,53.0,domingo,2025.0,,,,,,,,,,,,,,,,,,,,,,,,,,
,,,lunes,2025.0,,,,,,,,,,,,,,,,,,,,,,,,,,
,,,martes,2025.0,,,,,,,,,,,,,,,,,,,,,,,,,,
