OrderID,CustomerName,Email,Phone,Country,OrderDate,Quantity,Price,CustomerAge,OrderStatus
1001,John Doe,john@email.com,555-1234,USA,2023-01-15,5.0,19.99,28.0,Completed
1002,jane smith,JANE@GMAIL.COM,555-2345,USA,2023-01-16,2.0,49.99,35.0,Completed
1003,john doe,john@email.com,555-1234,USA,2023-01-15,5.0,19.99,28.0,Completed
1004,Bob Johnson,bob.j@email.com,555-3456,USA,2023-01-17,4.0,99.99,45.0,Pending
1006,Charlie Davis,nan,555-5678,UK,2023-02-19,3.0,79.99,36.0,Completed
1007,David Miller,david@email.com,555-6789,UK,2023-02-20,1.0,199.99,36.0,Processing
1008,Eve Wilson,EVE.WILSON@YAHOO.COM,555 7890,USA,,7.0,14.99,29.0,Completed
1009,Frank Thomas,frank.thomas@email,nan,USA,2023-02-22,4.0,39.99,36.0,Returned
1010,Grace Lee,grace@email.com,555-8901,USA,2023-02-23,2.0,59.99,31.0,Completed
1011,Henry Martinez,henry@email.com,invalid_email,USA,2023-02-24,4.0,29.99,48.0,Cancelled
1012,Grace Lee,grace@email.com,555-8901,USA,2023-02-23,2.0,59.99,31.0,Completed
1013,Iris Anderson,iris@email.com,555-9012,USA,,5.0,44.99,26.0,Pending
1014,Jack Robinson,nan,555-1111,USA,2023-03-02,3.0,89.99,33.0,Completed
1015,Karen White,karen@email.com,555-2222,UK,2023-03-03,2.0,34.99,41.0,Shipped
1016,Liam Harris,liam@email.com,555-3333,USA,2023-03-04,1.0,44.99,52.0,Completed
1017,Mia Taylor,mia.taylor@email.com,555-4444,USA,2023-03-05,6.0,24.99,27.0,Completed
1018,Noah Jackson,noah@email.com,555-5555,USA,2023-03-06,4.0,69.99,38.0,Pending
1019,Olivia Martin,olivia@email.com,555-6666,USA,2023-03-07,2.0,19.99,29.0,Completed
1020,Peter Clark,nan,555-7777,USA,2023-03-08,4.0,44.99,36.0,Completed
1021,Antonio,antonio@email.com,555-7777,USA,2023-03-08,4.0,440000.99,36.0,Completed
1022,Quinn Rodriguez,QUINN@EMAIL.COM,555-8888,USA,2023-03-09,3.0,54.99,42.0,Completed
1023,Rachel Green,rachel.green@yahoo.com,555-9999,USA,,4.0,39.99,35.0,Shipped
1024,Sam Cooper,sam@email.com,nan,CANADA,2023-03-11,5.0,24.99,36.0,Processing
1025,Olivia Martin,olivia@email.com,555-6666,USA,2023-03-07,2.0,19.99,29.0,Completed
1026,Tom Baker,tom.baker@email,555-1212,UK,2023-03-12,8.0,19.99,36.0,Completed
1027,Uma Patel,nan,555-3434,USA,,1.0,44.99,33.0,Pending
1028,Victor Chen,victor@email.com,555 5656,USA,2023-03-14,4.0,89.99,36.0,Returned
1029,Wendy Foster,WENDY.FOSTER@GMAIL.COM,invalid_phone,USA,2023-03-15,4.0,29.99,44.0,Completed
1030,Xavier Brooks,xavier@email.com,555-7878,USA,2023-03-16,2.0,64.99,28.0,Cancelled
1031,Yara Santos,yara@email.com,555-9090,UK,2023-03-17,6.0,44.99,37.0,Completed
1032,Zoe Mitchell,nan,555-1313,USA,,3.0,74.99,25.0,Shipped
1033,Adam Turner,adam.turner@email.com,555-2424,USA,2023-03-19,7.0,14.99,36.0,Completed
1034,Betty Lewis,betty@email.com,555-3535,USA,2023-03-20,4.0,99.99,51.0,Processing
1035,Carlos Diaz,carlos@email.com,555-4646,CANADA,2023-03-21,2.0,39.99,29.0,Completed
1036,Diana Hall,DIANA@YAHOO.COM,555-5757,USA,,1.0,199.99,46.0,Pending
1037,Eric Young,eric@email.com,nan,UK,2023-03-23,4.0,29.99,36.0,Completed
1038,Fiona King,fiona.king@email,555-6868,USA,2023-03-24,5.0,54.99,36.0,Shipped
1039,George Wright,george@email.com,555-7979,USA,2023-03-25,4.0,19.99,32.0,Returned
1040,Hannah Scott,hannah@email.com,555-8080,USA,,3.0,44.99,41.0,Completed
1041,Ian Murphy,ian@email.com,555-9191,USA,2023-03-27,2.0,84.99,36.0,Completed
1042,Julia Phillips,JULIA.PHILLIPS@GMAIL.COM,555-1122,USA,2023-03-28,4.0,39.99,36.0,Pending
1043,Kevin Collins,kevin@email.com,nan,UK,,1.0,29.99,52.0,Shipped
1044,Laura Edwards,laura.edwards@email,555-3344,USA,2023-03-30,6.0,19.99,36.0,Completed
1045,Mike Stewart,mike@email.com,555 4455,USA,2023-03-31,4.0,99.99,43.0,Processing
1046,Nina Parker,nan,555-5566,CANADA,,5.0,44.99,28.0,Completed
1047,Oscar Reed,OSCAR@YAHOO.COM,invalid_phone,USA,2023-04-02,2.0,74.99,36.0,Returned
1048,Paula Bailey,paula@email.com,555-6677,UK,2023-04-03,4.0,54.99,39.0,Cancelled
1049,Quincy Bell,quincy@email.com,555-7788,USA,,8.0,44.99,31.0,Completed
1050,Rita Cooper,rita.cooper@email.com,555-8899,USA,2023-04-05,3.0,64.99,47.0,Shipped
1051,Steve Richardson,steve@email.com,555-9900,USA,2023-04-06,1.0,19.99,36.0,Completed
1052,Tina Cox,tina@email.com,555-1010,USA,,4.0,89.99,26.0,Pending
1053,Ursula Howard,URSULA@EMAIL.COM,555-2020,USA,2023-04-08,2.0,34.99,55.0,Completed
1054,Vincent Ward,nan,555-3030,CANADA,2023-04-09,4.0,49.99,36.0,Processing
1055,Wendy Foster,WENDY.FOSTER@GMAIL.COM,invalid_phone,USA,2023-03-15,4.0,29.99,44.0,Completed
1056,William Torres,william.torres@email,555-4040,USA,,7.0,24.99,38.0,Shipped
1057,Xena Peterson,xena@email.com,555 5050,USA,2023-04-11,5.0,79.99,29.0,Completed
1058,Yuki Ramirez,yuki@email.com,555-6060,UK,2023-04-12,4.0,39.99,36.0,Returned
1059,Zack James,nan,555-7070,USA,,3.0,59.99,36.0,Completed
1060,Amy Foster,amy.foster@email.com,555-8080,UK,2023-04-14,2.0,44.99,34.0,Pending
1061,Brian Gray,BRIAN@GMAIL.COM,555-9090,USA,,6.0,19.99,42.0,Completed
1062,Catherine Powell,catherine@email.com,555-1111,USA,2023-04-16,4.0,99.99,36.0,Shipped
1063,Daniel Long,daniel@email.com,invalid_email,USA,2023-04-17,4.0,54.99,36.0,Processing
1064,Emma Hughes,nan,555-2222,CANADA,,1.0,29.99,27.0,Completed
1065,Frank Butler,frank.butler@email,555-3333,USA,2023-04-19,8.0,14.99,46.0,Cancelled
1066,Gina Simmons,GINA@YAHOO.COM,555 4444,UK,,3.0,44.99,38.0,Completed
1067,Harry Jenkins,harry@email.com,555-5555,USA,2023-04-21,5.0,69.99,36.0,Pending
1068,Ivy Perry,ivy@email.com,555-6666,USA,2023-04-22,4.0,34.99,31.0,Returned
1069,Jake Powell,jake.powell@email.com,555-7777,USA,,2.0,84.99,53.0,Completed
1070,Katie Russell,KATIE@EMAIL.COM,555-8888,USA,2023-04-24,7.0,24.99,28.0,Shipped
1071,Leo Griffin,nan,555-9999,CANADA,,4.0,49.99,36.0,Completed
1072,Megan Diaz,megan@email.com,invalid_phone,USA,2023-04-26,4.0,39.99,45.0,Processing
1073,Nathan Hayes,nathan.hayes@email,555-1212,UK,2023-04-27,1.0,199.99,36.0,Pending
1074,Olivia Martin,olivia@email.com,555-6666,USA,2023-03-07,2.0,19.99,29.0,Completed
1075,Paul Myers,PAUL@GMAIL.COM,555 3434,USA,,3.0,59.99,36.0,Completed
1076,Quinn Ford,quinn@email.com,555-5656,USA,2023-04-29,6.0,44.99,36.0,Shipped
1077,Rachel Hamilton,nan,555-7878,USA,,2.0,44.99,42.0,Completed
1078,Simon Berry,simon.berry@email.com,555-9090,USA,2023-05-01,8.0,19.99,36.0,Returned
1079,Tracy Barnes,tracy@email.com,555-1313,CANADA,2023-05-02,1.0,74.99,33.0,Cancelled
1080,Ulysses Ross,ULYSSES@YAHOO.COM,invalid_email,UK,,4.0,54.99,47.0,Completed
1081,Vanessa Henderson,vanessa@email.com,555-2424,USA,2023-05-04,5.0,29.99,36.0,Pending
1082,Walter Coleman,walter@email.com,555 3535,USA,,4.0,89.99,36.0,Completed
1083,Xander Jenkins,nan,555-4646,USA,2023-05-06,4.0,34.99,29.0,Processing
1084,Yvonne Patterson,yvonne.patterson@email,555-5757,USA,2023-05-07,3.0,64.99,36.0,Shipped
1085,Zachary Flynn,ZACHARY@EMAIL.COM,555-6868,USA,,7.0,24.99,36.0,Completed
1086,Abigail Reed,abigail@email.com,555-7979,CANADA,2023-05-09,2.0,44.99,35.0,Completed
1087,Brandon Perry,brandon@email.com,invalid_phone,UK,,4.0,79.99,41.0,Returned
1088,Chloe Watson,chloe@email.com,555-8080,USA,2023-05-11,6.0,19.99,26.0,Pending
1089,Derek Morgan,derek.morgan@email,555-9191,USA,2023-05-12,1.0,44.99,38.0,Completed
1090,Elena Brooks,ELENA@GMAIL.COM,555 1122,USA,,5.0,99.99,36.0,Shipped
1091,Felix Carter,felix@email.com,555-2233,CANADA,2023-05-14,3.0,54.99,44.0,Completed
1092,Grace Kim,GRACE.KIM@YAHOO.COM,invalid_phone,USA,,4.0,39.99,36.0,Processing
1093,Hugo Martinez,hugo@email.com,nan,UK,2023-05-16,4.0,29.99,36.0,Pending
1094,Iris Thompson,iris.thompson@email,555-3344,USA,,7.0,64.99,32.0,Completed
1095,James Fuller,james@email.com,555 4455,USA,2023-05-18,4.0,44.99,36.0,Returned
1096,Kelly Morrison,nan,555-5566,USA,,2.0,44.99,29.0,Shipped
1097,Logan Webb,LOGAN@EMAIL.COM,555-6677,CANADA,2023-05-20,5.0,84.99,37.0,Completed
1098,Maya Tucker,maya@email.com,invalid_email,USA,2023-05-21,4.0,19.99,36.0,Cancelled
1099,Noah Holt,noah.holt@email.com,555-7788,UK,,8.0,74.99,36.0,Completed
1100,Olivia Garcia,olivia.garcia@email.com,555-8899,USA,2023-05-23,3.0,34.99,41.0,Pending
1101,Peter Crawford,peter@email.com,555 9900,USA,,1.0,99.99,36.0,Completed
1102,Quinn Stevens,QUINN@GMAIL.COM,555-1010,USA,2023-05-25,6.0,24.99,28.0,Shipped
1103,Rosa Palmer,nan,555-2020,CANADA,,4.0,49.99,36.0,Processing
1104,Samuel Knight,samuel.knight@email,555-3030,UK,2023-05-27,2.0,59.99,36.0,Completed
1105,Tara Mills,tara@email.com,invalid_phone,USA,,5.0,44.99,35.0,Returned
1106,Umar Ahmed,UMAR@YAHOO.COM,555-4040,USA,2023-05-29,4.0,44.99,36.0,Pending
1107,Vera Shaw,vera@email.com,555 5050,USA,2023-05-30,4.0,79.99,42.0,Completed
1108,Wade Pierce,nan,555-6060,USA,,7.0,19.99,36.0,Shipped
1109,Willow Hunt,willow.hunt@email.com,555-7070,CANADA,2023-06-01,3.0,89.99,31.0,Completed
1110,Xavier Black,XAVIER@EMAIL.COM,555-8080,UK,,4.0,54.99,36.0,Cancelled
1111,Yara Freeman,yara@email.com,invalid_email,USA,2023-06-03,2.0,34.99,36.0,Processing
1112,Zane Gilbert,zane.gilbert@email,555-9090,USA,2023-06-04,8.0,64.99,36.0,Completed
1113,Alice Burns,alice.burns@email.com,555 1111,USA,,1.0,44.99,43.0,Pending
1114,Blake Wagner,BLAKE@GMAIL.COM,555-2222,USA,2023-06-06,4.0,29.99,36.0,Shipped
1115,Clara Mason,nan,555-3333,CANADA,,6.0,74.99,27.0,Completed
1116,Dylan Reid,dylan@email.com,invalid_phone,UK,2023-06-08,4.0,44.99,36.0,Returned
1117,Ella Dixon,ella.dixon@email,555-4444,USA,,3.0,99.99,36.0,Completed
1118,Finn Boyd,finn@email.com,555 5555,USA,2023-06-10,4.0,19.99,34.0,Pending
1119,Gemma Fox,GEMMA@YAHOO.COM,555-6666,USA,,5.0,54.99,36.0,Shipped
1120,Henry Wood,henry@email.com,555-7777,CANADA,2023-06-12,2.0,39.99,36.0,Processing
1121,Isla Cole,nan,555-8888,USA,,7.0,44.99,38.0,Completed
1122,Jack Ryan,jack.ryan@email.com,invalid_email,UK,2023-06-14,4.0,84.99,36.0,Cancelled
1123,Kira Lane,KIRA@EMAIL.COM,555-9999,USA,,1.0,24.99,45.0,Completed
1124,Luca Stone,luca@email.com,555 1212,USA,2023-06-16,4.0,64.99,36.0,Returned
1125,Mila Jordan,mila.jordan@email.com,555-3434,USA,,4.0,44.99,36.0,Pending
1126,Nate Wells,nate@email.com,555-5656,CANADA,2023-06-18,8.0,79.99,29.0,Shipped
1127,Olive Fisher,olive.fisher@email,555-7878,UK,,3.0,44.99,36.0,Completed
1128,Pablo Grant,PABLO@GMAIL.COM,invalid_phone,USA,2023-06-20,5.0,29.99,36.0,Processing
1129,Quincy Hart,nan,555-9090,USA,,2.0,99.99,33.0,Completed
1130,Riley Dunn,riley@email.com,555 1313,USA,,4.0,34.99,36.0,Pending
1131,Sara Bell,sara.bell@email.com,555-2424,CANADA,2023-06-23,6.0,59.99,41.0,Shipped
1132,Troy Bush,TROY@YAHOO.COM,555-3535,USA,2023-06-24,4.0,19.99,36.0,Completed
1133,Uma Ray,uma@email.com,invalid_email,UK,,4.0,74.99,36.0,Returned
1134,Vince Carr,vince.carr@email,555-4646,USA,2023-06-26,7.0,44.99,37.0,Cancelled
1135,Willa Dean,WILLA@EMAIL.COM,555 5757,USA,,1.0,44.99,36.0,Completed
1136,Xavi Tran,xavi@email.com,555-6868,USA,2023-06-28,4.0,89.99,36.0,Processing
1137,Yuri Mann,nan,555-7979,CANADA,,3.0,24.99,28.0,Pending
1138,Zara Lamb,zara.lamb@email.com,invalid_phone,UK,2023-06-30,5.0,54.99,36.0,Shipped
1139,Aaron Page,AARON@GMAIL.COM,555-8080,USA,,2.0,34.99,36.0,Completed
1140,Bella Marsh,bella@email.com,555 9191,USA,2023-07-02,8.0,64.99,36.0,Returned
1141,Chase Hull,chase@email.com,555-1122,USA,2023-07-03,4.0,39.99,36.0,Pending
1142,Dana Wolf,dana.wolf@email,555-2233,CANADA,,4.0,44.99,31.0,Completed
1143,Evan Noble,evan@email.com,invalid_email,USA,2023-07-05,4.0,79.99,36.0,Shipped
1144,Faye Bates,nan,555-3344,UK,,6.0,29.99,42.0,Processing
1145,Gage Lyons,GAGE@YAHOO.COM,555 4455,USA,2023-07-07,1.0,99.99,36.0,Completed
1146,Hope Byrd,hope@email.com,555-5566,USA,,7.0,19.99,36.0,Cancelled
1147,Ivan Cruz,ivan.cruz@email.com,555-6677,USA,2023-07-09,3.0,74.99,36.0,Pending
1148,Jade Rose,jade@email.com,invalid_phone,CANADA,2023-07-10,5.0,44.99,36.0,Shipped
1149,Kyle West,kyle.west@email,555-7788,UK,,2.0,44.99,36.0,Completed
1150,Luna Park,LUNA@EMAIL.COM,555 8899,USA,2023-07-12,4.0,54.99,36.0,Returned
1151,Marc Dunn,marc@email.com,555-9900,USA,,4.0,34.99,29.0,Processing
1152,Nina Blake,nan,555-1010,USA,2023-07-14,4.0,89.99,36.0,Completed
1153,Owen Gates,owen.gates@email.com,invalid_email,CANADA,,8.0,24.99,36.0,Pending
1154,Piper Hale,PIPER@GMAIL.COM,555-2020,USA,2023-07-16,3.0,64.99,36.0,Shipped
1155,Quin Snow,quin@email.com,555 3030,UK,2023-07-17,4.0,44.99,36.0,Completed
1156,Reed Drake,reed@email.com,555-4040,USA,,6.0,44.99,38.0,Cancelled
1157,Sage Moon,sage.moon@email,555-5050,USA,2023-07-19,2.0,79.99,36.0,Processing
1158,Tate Ford,TATE@YAHOO.COM,invalid_phone,USA,,5.0,19.99,36.0,Completed
1159,Unity Bell,unity@email.com,555-6060,CANADA,2023-07-21,1.0,99.99,34.0,Pending
1160,Vada Cole,vada.cole@email.com,555 7070,UK,,4.0,34.99,36.0,Shipped
1161,Wade Shaw,wade@email.com,555-8080,USA,2023-07-23,7.0,54.99,36.0,Completed
1162,Xena Hunt,xena.hunt@email,555-9090,USA,,4.0,44.99,36.0,Returned
1163,York Lane,YORK@EMAIL.COM,invalid_email,USA,2023-07-25,4.0,74.99,36.0,Processing
1164,Zola Pine,nan,555-1111,CANADA,2023-07-26,8.0,29.99,41.0,Pending
1165,Adam Troy,adam.troy@email.com,555 2222,USA,,2.0,64.99,36.0,Completed
1166,Bree Vale,BREE@GMAIL.COM,555-3333,UK,2023-07-28,4.0,44.99,36.0,Shipped
1167,Cody Sage,cody@email.com,invalid_phone,USA,,5.0,84.99,36.0,Cancelled
1168,Drew Moss,drew@email.com,555-4444,USA,2023-07-30,3.0,44.99,28.0,Completed
1169,Elle Quinn,elle.quinn@email,555 5555,USA,,6.0,19.99,36.0,Processing
1170,Ford West,FORD@YAHOO.COM,555-6666,CANADA,2023-08-01,1.0,99.99,36.0,Pending
1171,Gwen Blaze,nan,555-7777,UK,,4.0,39.99,36.0,Shipped
1172,Hawk Stone,hawk@email.com,invalid_email,USA,2023-08-03,7.0,54.99,36.0,Completed
1173,Iris Vale,iris.vale@email.com,555-8888,USA,2023-08-04,4.0,29.99,37.0,Returned
1174,Jett Moon,jett@email.com,555 9999,USA,,4.0,74.99,36.0,Cancelled
1175,Kyla Reed,kyla.reed@email,555-1212,CANADA,2023-08-06,8.0,44.99,36.0,Processing
1176,Lane Brooks,LANE@EMAIL.COM,555-3434,USA,,3.0,44.99,36.0,Completed
1177,Maya Ford,maya.ford@email.com,invalid_phone,UK,2023-08-08,4.0,64.99,36.0,Pending
1178,Nash Cole,nash@email.com,555-5656,USA,,5.0,34.99,32.0,Shipped
1179,Opal Dean,opal@email.com,555 7878,USA,2023-08-10,2.0,89.99,36.0,Completed
1180,Penn Hart,penn.hart@email,555-9090,USA,,6.0,24.99,36.0,Returned
1181,Quinn Lake,QUINN@GMAIL.COM,invalid_email,CANADA,2023-08-12,1.0,44.99,36.0,Processing
1182,Remy Sage,remy@email.com,555-1313,UK,2023-08-13,4.0,79.99,36.0,Completed
1183,Skye Frost,nan,555-2424,USA,,4.0,44.99,39.0,Pending
1184,Trey Banks,trey.banks@email.com,555 3535,USA,2023-08-15,7.0,19.99,36.0,Shipped
1185,Vale Cross,VALE@YAHOO.COM,555-4646,USA,,4.0,99.99,36.0,Cancelled
1186,Wren Park,wren@email.com,invalid_phone,CANADA,2023-08-17,3.0,34.99,36.0,Completed
1187,Zeke Lynn,zeke@email.com,555-5757,USA,,5.0,54.99,36.0,Processing
1188,Aria West,aria.west@email,555 6868,UK,2023-08-19,4.0,69.99,36.0,Pending
1189,Bryn Cole,BRYN@EMAIL.COM,555-7979,USA,,8.0,44.99,43.0,Shipped
1190,Cruz Dale,cruz@email.com,invalid_email,USA,2023-08-21,2.0,44.99,36.0,Completed
